{"losses": [10.846024513244629, 10.773378372192383, 10.711321830749512, 10.672075271606445, 10.638962745666504, 10.608932495117188, 10.587544441223145, 10.577936172485352, 10.54856014251709, 10.53980541229248, 10.513833999633789, 10.493809700012207, 10.474388122558594, 10.463064193725586, 10.434280395507812, 10.416643142700195, 10.398748397827148, 10.373233795166016, 10.353590965270996, 10.336931228637695, 10.32037353515625, 10.328103065490723, 10.303282737731934, 10.275331497192383, 10.237293243408203, 10.219820022583008, 10.223966598510742, 10.198216438293457, 10.214119911193848, 10.211264610290527, 10.189033508300781, 10.18199634552002, 10.15024471282959, 10.129060745239258, 10.119972229003906, 10.079407691955566, 10.060521125793457, 10.03030014038086, 10.024591445922852, 10.038884162902832, 10.002982139587402, 9.994524955749512, 9.974076271057129, 9.959456443786621, 9.937429428100586, 9.92383861541748, 9.925016403198242, 9.885113716125488, 9.862373352050781, 9.857419967651367, 9.838651657104492, 9.823114395141602, 9.802824974060059, 9.789085388183594, 9.751675605773926, 9.739053726196289, 9.708531379699707, 9.698151588439941, 9.680367469787598, 9.68062686920166, 9.63440990447998, 9.613543510437012, 9.6153564453125, 9.599252700805664, 9.578279495239258, 9.551390647888184, 9.52236557006836, 9.542974472045898, 9.537391662597656, 9.503413200378418, 9.476994514465332, 9.466980934143066, 9.445490837097168, 9.431764602661133, 9.404129981994629, 9.37852668762207, 9.349289894104004, 9.335498809814453, 9.318839073181152, 9.324854850769043, 9.322425842285156, 9.286286354064941, 9.295766830444336, 9.25990104675293, 9.260144233703613, 9.227611541748047, 9.206266403198242, 9.203420639038086, 9.188069343566895, 9.155143737792969, 9.142605781555176, 9.117579460144043, 9.135283470153809, 9.103439331054688, 9.091979026794434, 9.094186782836914, 9.059950828552246, 9.049922943115234, 9.030317306518555, 8.996973037719727], "grad_norms": [2.711655855178833, 1.9182705879211426, 1.4953526258468628, 1.3585169315338135, 1.3384065628051758, 1.2365955114364624, 1.2141728401184082, 1.2343950271606445, 1.3579579591751099, 1.2627830505371094, 1.2675070762634277, 1.2328810691833496, 1.2085535526275635, 1.2277421951293945, 1.2357622385025024, 1.1841063499450684, 1.4297711849212646, 1.4153492450714111, 1.4237451553344727, 1.438900351524353, 1.4808423519134521, 1.4173465967178345, 1.2236337661743164, 1.396484375, 1.402556300163269, 1.419643521308899, 1.4278665781021118, 1.4444535970687866, 1.3391441106796265, 1.2501345872879028, 1.245859980583191, 1.1779441833496094, 1.2266850471496582, 1.2141826152801514, 1.1925007104873657, 1.2596434354782104, 1.289705753326416, 1.2954843044281006, 1.2531665563583374, 1.1633970737457275, 1.2089563608169556, 1.2061508893966675, 1.2295366525650024, 1.2239203453063965, 1.2536252737045288, 1.248123049736023, 1.2268532514572144, 1.268914818763733, 1.2410576343536377, 1.235184669494629, 1.2592105865478516, 1.3632605075836182, 1.3235714435577393, 1.5588475465774536, 1.4263994693756104, 1.4627078771591187, 1.4252511262893677, 1.275411605834961, 1.2614935636520386, 1.358461856842041, 1.4264389276504517, 1.4292865991592407, 1.3559480905532837, 1.2435812950134277, 1.204917311668396, 1.2013341188430786, 1.2200868129730225, 1.2132490873336792, 1.2318936586380005, 1.2523921728134155, 1.26926851272583, 1.267593264579773, 1.3120416402816772, 1.2604585886001587, 1.2426773309707642, 1.2654763460159302, 1.2248518466949463, 1.2146689891815186, 1.2089663743972778, 1.2758101224899292, 1.2454644441604614, 1.2547677755355835, 1.265062928199768, 1.3083475828170776, 1.3314908742904663, 1.3585920333862305, 1.2998961210250854, 1.2784004211425781, 1.288928747177124, 1.2695276737213135, 1.2921688556671143, 1.3078205585479736, 1.2545340061187744, 1.2643239498138428, 1.260659098625183, 1.2095208168029785, 1.1741316318511963, 1.1766884326934814, 1.187939167022705, 1.1867907047271729], "final_loss": 8.996973037719727, "file_name": "./losses_and_grad_norms/hd100_nh20_nl10_bs16_gc1.png"}