{"losses": [10.828442573547363, 10.765318870544434, 10.711952209472656, 10.673032760620117, 10.634969711303711, 10.613381385803223, 10.59041690826416, 10.569849967956543, 10.54677963256836, 10.527400970458984, 10.506365776062012, 10.487363815307617, 10.46608829498291, 10.455377578735352, 10.435927391052246, 10.441241264343262, 10.403361320495605, 10.381728172302246, 10.35285758972168, 10.342490196228027, 10.325499534606934, 10.342058181762695, 10.318744659423828, 10.282374382019043, 10.237098693847656, 10.220196723937988, 10.228604316711426, 10.1959810256958, 10.229654312133789, 10.209957122802734, 10.184568405151367, 10.183024406433105, 10.138423919677734, 10.129263877868652, 10.124090194702148, 10.081670761108398, 10.069013595581055, 10.046248435974121, 10.029468536376953, 10.045726776123047, 10.009387016296387, 9.9987154006958, 9.974769592285156, 9.963680267333984, 9.940383911132812, 9.937992095947266, 9.938161849975586, 9.892423629760742, 9.88060474395752, 9.868780136108398, 9.856876373291016, 9.835771560668945, 9.813167572021484, 9.791726112365723, 9.765785217285156, 9.740224838256836, 9.726300239562988, 9.718631744384766, 9.69262981414795, 9.69177532196045, 9.649394035339355, 9.628308296203613, 9.625846862792969, 9.622197151184082, 9.596941947937012, 9.57556438446045, 9.55295181274414, 9.55567741394043, 9.550091743469238, 9.529023170471191, 9.49964427947998, 9.487553596496582, 9.462311744689941, 9.446053504943848, 9.42007827758789, 9.399618148803711, 9.38398551940918, 9.36126708984375, 9.353154182434082, 9.343968391418457, 9.337800979614258, 9.303804397583008, 9.310611724853516, 9.279378890991211, 9.275025367736816, 9.23961067199707, 9.217111587524414, 9.218165397644043, 9.20492172241211, 9.177886962890625, 9.154881477355957, 9.127944946289062, 9.157675743103027, 9.120772361755371, 9.10748291015625, 9.110367774963379, 9.078113555908203, 9.0707426071167, 9.051877975463867, 9.022721290588379], "grad_norms": [3.0983059406280518, 1.6375815868377686, 1.468527913093567, 1.346496343612671, 1.3063546419143677, 1.203086018562317, 1.215834140777588, 1.2512370347976685, 1.3199679851531982, 1.3348170518875122, 1.2899397611618042, 1.2757447957992554, 1.3151710033416748, 1.431875467300415, 1.3868366479873657, 1.2737419605255127, 1.3825565576553345, 1.4064006805419922, 1.3692140579223633, 1.3677470684051514, 1.3287965059280396, 1.2725512981414795, 1.1742404699325562, 1.3264594078063965, 1.3920537233352661, 1.4396002292633057, 1.4525872468948364, 1.458097219467163, 1.272106647491455, 1.2265496253967285, 1.2465276718139648, 1.1830869913101196, 1.2323718070983887, 1.2174538373947144, 1.1911625862121582, 1.2441290616989136, 1.2761836051940918, 1.2726738452911377, 1.2209433317184448, 1.1495471000671387, 1.189936637878418, 1.1961411237716675, 1.221489667892456, 1.2640291452407837, 1.3481940031051636, 1.3919239044189453, 1.3082166910171509, 1.3288426399230957, 1.2858275175094604, 1.2220524549484253, 1.2475051879882812, 1.2285078763961792, 1.2200385332107544, 1.5255138874053955, 1.4349424839019775, 1.4720476865768433, 1.4176582098007202, 1.2694693803787231, 1.2374707460403442, 1.3290098905563354, 1.399208426475525, 1.4097785949707031, 1.3457216024398804, 1.218651533126831, 1.2009530067443848, 1.2248384952545166, 1.229970932006836, 1.2342420816421509, 1.3214519023895264, 1.3081682920455933, 1.2954679727554321, 1.2603505849838257, 1.2470871210098267, 1.2116650342941284, 1.2481350898742676, 1.2881234884262085, 1.2618484497070312, 1.2610366344451904, 1.287463903427124, 1.3755983114242554, 1.3070087432861328, 1.2985433340072632, 1.2633185386657715, 1.2890992164611816, 1.2430354356765747, 1.2509835958480835, 1.2439967393875122, 1.2220981121063232, 1.2349836826324463, 1.226279377937317, 1.2572559118270874, 1.262676477432251, 1.1907216310501099, 1.20783269405365, 1.1920373439788818, 1.1762086153030396, 1.1650375127792358, 1.1729873418807983, 1.1823320388793945, 1.1682544946670532], "final_loss": 9.022721290588379, "file_name": "./losses_and_grad_norms/hd100_nh1_nl10_bs16_gc1.png"}