{"losses": [10.83981704711914, 10.766308784484863, 10.709814071655273, 10.667156219482422, 10.628445625305176, 10.604098320007324, 10.587968826293945, 10.563329696655273, 10.550156593322754, 10.54059886932373, 10.524046897888184, 10.496603965759277, 10.483826637268066, 10.465296745300293, 10.447129249572754, 10.447361946105957, 10.401467323303223, 10.369176864624023, 10.344749450683594, 10.324808120727539, 10.314593315124512, 10.358386039733887, 10.327603340148926, 10.258604049682617, 10.220023155212402, 10.197121620178223, 10.196672439575195, 10.16714096069336, 10.231542587280273, 10.218965530395508, 10.187644958496094, 10.185229301452637, 10.147920608520508, 10.134998321533203, 10.130599021911621, 10.085213661193848, 10.069541931152344, 10.042835235595703, 10.033625602722168, 10.046212196350098, 10.015339851379395, 10.002578735351562, 9.983302116394043, 9.970878601074219, 9.947909355163574, 9.93071174621582, 9.933605194091797, 9.890738487243652, 9.877470970153809, 9.868699073791504, 9.849597930908203, 9.829482078552246, 9.809287071228027, 9.763401985168457, 9.73532485961914, 9.708473205566406, 9.704032897949219, 9.705729484558105, 9.67995548248291, 9.663530349731445, 9.610525131225586, 9.595699310302734, 9.593263626098633, 9.618915557861328, 9.590761184692383, 9.571720123291016, 9.548937797546387, 9.542101860046387, 9.528006553649902, 9.505974769592285, 9.476855278015137, 9.465930938720703, 9.44327449798584, 9.423321723937988, 9.409626960754395, 9.39599895477295, 9.377524375915527, 9.368202209472656, 9.346257209777832, 9.343507766723633, 9.330282211303711, 9.300704956054688, 9.307291984558105, 9.266654968261719, 9.267194747924805, 9.236129760742188, 9.213991165161133, 9.212843894958496, 9.197251319885254, 9.167197227478027, 9.15169906616211, 9.119385719299316, 9.139631271362305, 9.111065864562988, 9.092880249023438, 9.09884262084961, 9.072456359863281, 9.047993659973145, 9.03927230834961, 9.017427444458008], "grad_norms": [2.662933588027954, 2.036620855331421, 1.7122337818145752, 1.3514738082885742, 1.3197768926620483, 1.224269151687622, 1.1963670253753662, 1.1521403789520264, 1.1720190048217773, 1.189346194267273, 1.2082631587982178, 1.194765567779541, 1.1908035278320312, 1.1841952800750732, 1.1936179399490356, 1.177385687828064, 1.4677966833114624, 1.478259801864624, 1.4799576997756958, 1.4919483661651611, 1.5149601697921753, 1.5227553844451904, 1.233559489250183, 1.3752613067626953, 1.392630696296692, 1.3952374458312988, 1.353840947151184, 1.3727232217788696, 1.250017523765564, 1.2143118381500244, 1.244998812675476, 1.177398681640625, 1.2270524501800537, 1.2167332172393799, 1.200117826461792, 1.2751357555389404, 1.314516544342041, 1.3011268377304077, 1.2573511600494385, 1.163106083869934, 1.1921075582504272, 1.185964822769165, 1.1920915842056274, 1.1830583810806274, 1.2268733978271484, 1.23078191280365, 1.2230042219161987, 1.3026676177978516, 1.369024395942688, 1.3983722925186157, 1.3376495838165283, 1.2619537115097046, 1.2307459115982056, 1.5225543975830078, 1.4771804809570312, 1.5266672372817993, 1.4788663387298584, 1.2875620126724243, 1.2443335056304932, 1.3403129577636719, 1.422081708908081, 1.4312191009521484, 1.36039137840271, 1.2321891784667969, 1.2020902633666992, 1.2099902629852295, 1.2134482860565186, 1.2005369663238525, 1.1932975053787231, 1.2018816471099854, 1.2014869451522827, 1.1939499378204346, 1.2197599411010742, 1.2047525644302368, 1.2447209358215332, 1.2662273645401, 1.2291553020477295, 1.2283432483673096, 1.261313557624817, 1.3704602718353271, 1.3670505285263062, 1.3599233627319336, 1.283970832824707, 1.2896860837936401, 1.2416067123413086, 1.2522051334381104, 1.2449220418930054, 1.218684434890747, 1.2330174446105957, 1.215378999710083, 1.2497636079788208, 1.267871379852295, 1.194790244102478, 1.2182923555374146, 1.201539158821106, 1.1790995597839355, 1.166712760925293, 1.16957426071167, 1.182485818862915, 1.1772809028625488], "final_loss": 9.017427444458008, "file_name": "./losses_and_grad_norms/hd100_nh5_nl10_bs16_gc2.5.png"}