{"losses": [10.85210132598877, 10.829313278198242, 10.804583549499512, 10.78182315826416, 10.758621215820312, 10.731269836425781, 10.706193923950195, 10.678266525268555, 10.64150619506836, 10.612149238586426, 10.579384803771973, 10.550503730773926, 10.524202346801758, 10.50373649597168, 10.474470138549805, 10.467473983764648, 10.437429428100586, 10.41530704498291, 10.391135215759277, 10.365978240966797, 10.353748321533203, 10.346576690673828, 10.334197998046875, 10.291996002197266, 10.26010799407959, 10.244108200073242, 10.239631652832031, 10.205039024353027, 10.21823787689209, 10.209059715270996, 10.18041706085205, 10.169008255004883, 10.13736629486084, 10.12049388885498, 10.115732192993164, 10.070059776306152, 10.053329467773438, 10.031564712524414, 10.020491600036621, 10.036381721496582, 10.005001068115234, 9.986355781555176, 9.965801239013672, 9.955204963684082, 9.935796737670898, 9.922626495361328, 9.917792320251465, 9.879151344299316, 9.865965843200684, 9.849945068359375, 9.83719253540039, 9.815985679626465, 9.792943954467773, 9.752548217773438, 9.737994194030762, 9.70639419555664, 9.690138816833496, 9.679887771606445, 9.658123970031738, 9.650891304016113, 9.6148099899292, 9.588098526000977, 9.584878921508789, 9.587409973144531, 9.558979988098145, 9.54111385345459, 9.51805305480957, 9.526055335998535, 9.512930870056152, 9.490638732910156, 9.463418960571289, 9.44776439666748, 9.427794456481934, 9.405594825744629, 9.386115074157715, 9.352741241455078, 9.334634780883789, 9.320109367370605, 9.308605194091797, 9.286770820617676, 9.278548240661621, 9.252147674560547, 9.24934196472168, 9.215941429138184, 9.220342636108398, 9.182392120361328, 9.15378475189209, 9.157623291015625, 9.144017219543457, 9.114985466003418, 9.09351921081543, 9.070243835449219, 9.101963996887207, 9.07404899597168, 9.052241325378418, 9.058073997497559, 9.021203994750977, 9.011443138122559, 8.996517181396484, 8.973969459533691], "grad_norms": [1.610987901687622, 1.439768671989441, 1.5619304180145264, 1.5800418853759766, 1.6197515726089478, 1.6742486953735352, 1.6152125597000122, 1.4908243417739868, 1.407791018486023, 1.386362075805664, 1.3256877660751343, 1.266035795211792, 1.222923994064331, 1.2020342350006104, 1.1981594562530518, 1.1502796411514282, 1.3332293033599854, 1.3807371854782104, 1.3493942022323608, 1.3426696062088013, 1.3100953102111816, 1.212727665901184, 1.170303225517273, 1.2838995456695557, 1.37034273147583, 1.3909631967544556, 1.3345284461975098, 1.3550175428390503, 1.1981346607208252, 1.2104789018630981, 1.2474726438522339, 1.1760350465774536, 1.2237290143966675, 1.2110646963119507, 1.1833800077438354, 1.2323354482650757, 1.273361086845398, 1.270543098449707, 1.22465181350708, 1.148111343383789, 1.1893112659454346, 1.1751577854156494, 1.1774954795837402, 1.149674415588379, 1.1688275337219238, 1.1459800004959106, 1.1237722635269165, 1.1708639860153198, 1.1671545505523682, 1.1303062438964844, 1.1564230918884277, 1.135969877243042, 1.1483286619186401, 1.4101587533950806, 1.3778915405273438, 1.4191573858261108, 1.3837697505950928, 1.2369767427444458, 1.2292287349700928, 1.3234506845474243, 1.3979747295379639, 1.4113746881484985, 1.3381835222244263, 1.2124617099761963, 1.1939220428466797, 1.1901291608810425, 1.1923741102218628, 1.1754732131958008, 1.1856220960617065, 1.187415599822998, 1.1838093996047974, 1.1792168617248535, 1.2048931121826172, 1.1882108449935913, 1.2188622951507568, 1.2452287673950195, 1.2001861333847046, 1.1952039003372192, 1.1960471868515015, 1.253448724746704, 1.235384464263916, 1.2461844682693481, 1.2272089719772339, 1.262074589729309, 1.2223377227783203, 1.2422418594360352, 1.2393347024917603, 1.215378999710083, 1.231384038925171, 1.2163718938827515, 1.2434731721878052, 1.251765251159668, 1.1784495115280151, 1.1931360960006714, 1.1743916273117065, 1.1657551527023315, 1.1587191820144653, 1.1625069379806519, 1.1723300218582153, 1.1665949821472168], "final_loss": 8.973969459533691, "file_name": "./losses_and_grad_norms/hd100_nh5_nl2_bs16_gc1.5.png"}