{"losses": [10.83255672454834, 10.81118106842041, 10.783259391784668, 10.767900466918945, 10.744507789611816, 10.722959518432617, 10.696186065673828, 10.670588493347168, 10.639570236206055, 10.613289833068848, 10.577780723571777, 10.54794692993164, 10.520574569702148, 10.49669361114502, 10.467792510986328, 10.456945419311523, 10.434556007385254, 10.4052734375, 10.375411033630371, 10.364445686340332, 10.343657493591309, 10.34549331665039, 10.333945274353027, 10.279597282409668, 10.248252868652344, 10.227624893188477, 10.2252836227417, 10.197779655456543, 10.216888427734375, 10.199559211730957, 10.164154052734375, 10.163762092590332, 10.123863220214844, 10.109101295471191, 10.099865913391113, 10.052237510681152, 10.0394868850708, 10.00822925567627, 9.997119903564453, 10.012510299682617, 9.977079391479492, 9.95782470703125, 9.938843727111816, 9.927603721618652, 9.898812294006348, 9.888996124267578, 9.882688522338867, 9.842162132263184, 9.81702709197998, 9.809149742126465, 9.791763305664062, 9.77554988861084, 9.740201950073242, 9.712945938110352, 9.683751106262207, 9.666539192199707, 9.641389846801758, 9.650278091430664, 9.623315811157227, 9.606743812561035, 9.565303802490234, 9.542620658874512, 9.537275314331055, 9.548687934875488, 9.52461051940918, 9.498618125915527, 9.478662490844727, 9.47124195098877, 9.461931228637695, 9.436484336853027, 9.402433395385742, 9.385589599609375, 9.368209838867188, 9.347319602966309, 9.324076652526855, 9.299229621887207, 9.291275024414062, 9.278534889221191, 9.261775016784668, 9.239812850952148, 9.229671478271484, 9.196197509765625, 9.197768211364746, 9.167949676513672, 9.168683052062988, 9.13647747039795, 9.110260009765625, 9.107100486755371, 9.092162132263184, 9.064726829528809, 9.039939880371094, 9.017831802368164, 9.046117782592773, 9.012516021728516, 8.998411178588867, 8.995792388916016, 8.965400695800781, 8.956680297851562, 8.938523292541504, 8.91653060913086], "grad_norms": [1.643149495124817, 1.4065660238265991, 1.5168766975402832, 1.5614560842514038, 1.6230829954147339, 1.6176083087921143, 1.606484055519104, 1.5245630741119385, 1.517130970954895, 1.4186848402023315, 1.357483983039856, 1.2914644479751587, 1.2156904935836792, 1.1764625310897827, 1.1662298440933228, 1.1396465301513672, 1.351346492767334, 1.3924814462661743, 1.3526228666305542, 1.3425551652908325, 1.3013862371444702, 1.248988151550293, 1.185065746307373, 1.2896822690963745, 1.3743306398391724, 1.3896257877349854, 1.334841251373291, 1.3537821769714355, 1.2203072309494019, 1.2134901285171509, 1.2439117431640625, 1.1740082502365112, 1.2189655303955078, 1.2069225311279297, 1.178898572921753, 1.2305426597595215, 1.2692664861679077, 1.2649412155151367, 1.2197870016098022, 1.1481190919876099, 1.1848211288452148, 1.171411395072937, 1.1738181114196777, 1.1447170972824097, 1.1662554740905762, 1.1400079727172852, 1.1181153059005737, 1.1665679216384888, 1.163317322731018, 1.1267762184143066, 1.150909185409546, 1.1317214965820312, 1.1427096128463745, 1.4243030548095703, 1.3768181800842285, 1.413370966911316, 1.3790255784988403, 1.2468292713165283, 1.2267563343048096, 1.3229535818099976, 1.396005392074585, 1.4083882570266724, 1.3344831466674805, 1.2245497703552246, 1.1996461153030396, 1.1902891397476196, 1.1909908056259155, 1.1754775047302246, 1.1829184293746948, 1.182692527770996, 1.1802393198013306, 1.1761890649795532, 1.2012684345245361, 1.1846961975097656, 1.2161273956298828, 1.247253656387329, 1.2035633325576782, 1.1948257684707642, 1.1954222917556763, 1.2519737482070923, 1.2335543632507324, 1.245654821395874, 1.2282813787460327, 1.2614625692367554, 1.2227072715759277, 1.2399487495422363, 1.2376693487167358, 1.2153663635253906, 1.2319246530532837, 1.2181764841079712, 1.2438559532165527, 1.2512959241867065, 1.1814223527908325, 1.1907331943511963, 1.1729011535644531, 1.16529381275177, 1.1578285694122314, 1.1613025665283203, 1.171940565109253, 1.166009545326233], "final_loss": 8.91653060913086, "file_name": "./losses_and_grad_norms/hd100_nh5_nl2_bs16_gc1.png"}