{"losses": [10.862715721130371, 10.820788383483887, 10.79335880279541, 10.777488708496094, 10.752350807189941, 10.733293533325195, 10.70109748840332, 10.677125930786133, 10.643576622009277, 10.61319351196289, 10.579529762268066, 10.546859741210938, 10.517861366271973, 10.506361961364746, 10.475982666015625, 10.468013763427734, 10.4326810836792, 10.400167465209961, 10.378886222839355, 10.35460090637207, 10.335637092590332, 10.338391304016113, 10.327116012573242, 10.280729293823242, 10.243255615234375, 10.222101211547852, 10.222698211669922, 10.187827110290527, 10.212315559387207, 10.192999839782715, 10.166619300842285, 10.155922889709473, 10.119939804077148, 10.1102294921875, 10.100214958190918, 10.058051109313965, 10.043989181518555, 10.023911476135254, 10.010212898254395, 10.022714614868164, 9.981592178344727, 9.975395202636719, 9.952932357788086, 9.941267013549805, 9.919792175292969, 9.910576820373535, 9.90085220336914, 9.872978210449219, 9.844107627868652, 9.832222938537598, 9.831911087036133, 9.806814193725586, 9.777937889099121, 9.73011589050293, 9.706631660461426, 9.683050155639648, 9.654264450073242, 9.662365913391113, 9.639505386352539, 9.622418403625488, 9.579242706298828, 9.551385879516602, 9.557961463928223, 9.561216354370117, 9.541193008422852, 9.518251419067383, 9.499200820922852, 9.499773025512695, 9.493788719177246, 9.471819877624512, 9.44029426574707, 9.433067321777344, 9.403173446655273, 9.384868621826172, 9.361604690551758, 9.347138404846191, 9.313172340393066, 9.297937393188477, 9.289167404174805, 9.270352363586426, 9.25906753540039, 9.232109069824219, 9.232683181762695, 9.202337265014648, 9.203195571899414, 9.168756484985352, 9.145308494567871, 9.144009590148926, 9.124841690063477, 9.098400115966797, 9.079378128051758, 9.059600830078125, 9.080107688903809, 9.054722785949707, 9.040400505065918, 9.044386863708496, 9.01430606842041, 9.01211929321289, 8.986398696899414, 8.956884384155273], "grad_norms": [1.6094214916229248, 1.4024566411972046, 1.507082462310791, 1.5251213312149048, 1.6604329347610474, 1.5811628103256226, 1.546607494354248, 1.4769235849380493, 1.4890384674072266, 1.4339841604232788, 1.3716005086898804, 1.2990472316741943, 1.238632321357727, 1.2151756286621094, 1.1933305263519287, 1.165428638458252, 1.3600434064865112, 1.3967114686965942, 1.3586418628692627, 1.3501390218734741, 1.3166415691375732, 1.2123405933380127, 1.1764206886291504, 1.288246750831604, 1.374215841293335, 1.3954869508743286, 1.3421688079833984, 1.3578661680221558, 1.2069331407546997, 1.2045817375183105, 1.246646761894226, 1.1757562160491943, 1.2228729724884033, 1.2119791507720947, 1.1855027675628662, 1.2337816953659058, 1.2763073444366455, 1.273541808128357, 1.2251919507980347, 1.152453899383545, 1.1907930374145508, 1.1767829656600952, 1.1791023015975952, 1.1508963108062744, 1.1701549291610718, 1.1462630033493042, 1.1254608631134033, 1.1736570596694946, 1.1699479818344116, 1.1313185691833496, 1.1579338312149048, 1.1367326974868774, 1.14893639087677, 1.4123148918151855, 1.3811331987380981, 1.42031729221344, 1.3847875595092773, 1.2404736280441284, 1.2317734956741333, 1.3273539543151855, 1.398690104484558, 1.412912368774414, 1.3412041664123535, 1.2150638103485107, 1.1950334310531616, 1.1888232231140137, 1.1918021440505981, 1.1738728284835815, 1.1876118183135986, 1.1875531673431396, 1.1831281185150146, 1.1790368556976318, 1.2064589262008667, 1.1877223253250122, 1.219003438949585, 1.2463370561599731, 1.2029340267181396, 1.1958963871002197, 1.1953481435775757, 1.2524276971817017, 1.233852505683899, 1.2451223134994507, 1.2270537614822388, 1.2612731456756592, 1.2223056554794312, 1.2416985034942627, 1.2381268739700317, 1.2177977561950684, 1.2315698862075806, 1.2184357643127441, 1.2440376281738281, 1.2519898414611816, 1.1801820993423462, 1.19330632686615, 1.174267292022705, 1.167894959449768, 1.1596052646636963, 1.1625356674194336, 1.1716816425323486, 1.164408802986145], "final_loss": 8.956884384155273, "file_name": "./losses_and_grad_norms/hd100_nh10_nl2_bs16_gc2.5.png"}