{"losses": [10.835606575012207, 10.770634651184082, 10.71307373046875, 10.666753768920898, 10.634580612182617, 10.610886573791504, 10.590418815612793, 10.568309783935547, 10.544013977050781, 10.531390190124512, 10.508955001831055, 10.490995407104492, 10.464629173278809, 10.448116302490234, 10.430941581726074, 10.429753303527832, 10.414060592651367, 10.393379211425781, 10.367606163024902, 10.343547821044922, 10.334307670593262, 10.339667320251465, 10.310539245605469, 10.280811309814453, 10.251538276672363, 10.226113319396973, 10.226919174194336, 10.196802139282227, 10.228047370910645, 10.2181978225708, 10.177462577819824, 10.17822551727295, 10.14229679107666, 10.125869750976562, 10.121668815612793, 10.07201862335205, 10.063187599182129, 10.03555679321289, 10.023175239562988, 10.04210090637207, 10.006041526794434, 9.996437072753906, 9.973725318908691, 9.9601469039917, 9.939335823059082, 9.923892974853516, 9.916908264160156, 9.879803657531738, 9.862354278564453, 9.85372543334961, 9.835184097290039, 9.814990997314453, 9.793112754821777, 9.78109359741211, 9.748714447021484, 9.734524726867676, 9.71752643585205, 9.696664810180664, 9.678434371948242, 9.68586540222168, 9.6373872756958, 9.618741035461426, 9.614596366882324, 9.606118202209473, 9.577935218811035, 9.558094024658203, 9.535569190979004, 9.537174224853516, 9.529694557189941, 9.503523826599121, 9.475228309631348, 9.460884094238281, 9.438830375671387, 9.420557975769043, 9.399924278259277, 9.379500389099121, 9.357293128967285, 9.348075866699219, 9.329438209533691, 9.324915885925293, 9.31411361694336, 9.287004470825195, 9.290409088134766, 9.25383472442627, 9.255175590515137, 9.220760345458984, 9.194847106933594, 9.198381423950195, 9.184090614318848, 9.150111198425293, 9.127788543701172, 9.10427188873291, 9.135555267333984, 9.096589088439941, 9.088252067565918, 9.086104393005371, 9.058723449707031, 9.047442436218262, 9.032715797424316, 8.996272087097168], "grad_norms": [2.411067008972168, 1.540968894958496, 1.418092131614685, 1.3106833696365356, 1.286429762840271, 1.2584998607635498, 1.293845772743225, 1.28800630569458, 1.3558804988861084, 1.3609158992767334, 1.3237587213516235, 1.2434453964233398, 1.204606294631958, 1.2167116403579712, 1.2696117162704468, 1.3613479137420654, 1.5702710151672363, 1.506683349609375, 1.4189366102218628, 1.4256781339645386, 1.3746923208236694, 1.3525577783584595, 1.2018660306930542, 1.3305349349975586, 1.390985131263733, 1.4245235919952393, 1.4167499542236328, 1.4422094821929932, 1.3045233488082886, 1.24354887008667, 1.2540055513381958, 1.185915470123291, 1.245119333267212, 1.226898193359375, 1.1957645416259766, 1.2527234554290771, 1.2844947576522827, 1.3018693923950195, 1.3417145013809204, 1.3015865087509155, 1.3345675468444824, 1.26856529712677, 1.2355974912643433, 1.1931393146514893, 1.1906293630599976, 1.1447566747665405, 1.120837926864624, 1.182847261428833, 1.1998759508132935, 1.1672135591506958, 1.2056280374526978, 1.204687476158142, 1.2692134380340576, 1.5062904357910156, 1.3906861543655396, 1.4221059083938599, 1.3986945152282715, 1.2778246402740479, 1.2537143230438232, 1.3534903526306152, 1.4197697639465332, 1.431654453277588, 1.3776772022247314, 1.2536802291870117, 1.2199994325637817, 1.2394037246704102, 1.2708417177200317, 1.3311786651611328, 1.3455371856689453, 1.3220432996749878, 1.27767813205719, 1.2597365379333496, 1.2656909227371216, 1.2212556600570679, 1.2272028923034668, 1.2748703956604004, 1.279094934463501, 1.2932897806167603, 1.3010332584381104, 1.3211710453033447, 1.273080825805664, 1.276445746421814, 1.2574955224990845, 1.2856955528259277, 1.2362526655197144, 1.2617915868759155, 1.259092926979065, 1.2228385210037231, 1.2354741096496582, 1.2225662469863892, 1.2526733875274658, 1.2631502151489258, 1.1985946893692017, 1.2310230731964111, 1.2054237127304077, 1.1816388368606567, 1.168638825416565, 1.1758297681808472, 1.1806782484054565, 1.1712566614151], "final_loss": 8.996272087097168, "file_name": "./losses_and_grad_norms/hd100_nh10_nl10_bs16_gc1.png"}