{"losses": [10.840446472167969, 10.768842697143555, 10.718306541442871, 10.67939281463623, 10.653038024902344, 10.635541915893555, 10.60790729522705, 10.586726188659668, 10.569316864013672, 10.564929008483887, 10.534435272216797, 10.520343780517578, 10.504413604736328, 10.485509872436523, 10.459066390991211, 10.461324691772461, 10.421707153320312, 10.392646789550781, 10.36154556274414, 10.358851432800293, 10.334222793579102, 10.356398582458496, 10.331863403320312, 10.284368515014648, 10.249279975891113, 10.215920448303223, 10.206792831420898, 10.200002670288086, 10.25151538848877, 10.240838050842285, 10.201152801513672, 10.205690383911133, 10.172659873962402, 10.155583381652832, 10.156847953796387, 10.108782768249512, 10.08824348449707, 10.06900691986084, 10.051721572875977, 10.074522972106934, 10.02803897857666, 10.029946327209473, 10.004170417785645, 10.002925872802734, 9.96843433380127, 9.963349342346191, 9.954328536987305, 9.917637825012207, 9.905433654785156, 9.892438888549805, 9.871851921081543, 9.855411529541016, 9.839323997497559, 9.802677154541016, 9.768980979919434, 9.74079418182373, 9.73063850402832, 9.726310729980469, 9.705970764160156, 9.691186904907227, 9.643497467041016, 9.615991592407227, 9.620147705078125, 9.644487380981445, 9.61717414855957, 9.599984169006348, 9.576247215270996, 9.575216293334961, 9.56887149810791, 9.542319297790527, 9.508012771606445, 9.501720428466797, 9.480934143066406, 9.456891059875488, 9.439764976501465, 9.420403480529785, 9.408758163452148, 9.394525527954102, 9.374161720275879, 9.374743461608887, 9.370607376098633, 9.329285621643066, 9.326957702636719, 9.297442436218262, 9.29493522644043, 9.2758207321167, 9.238519668579102, 9.237950325012207, 9.226187705993652, 9.202000617980957, 9.173474311828613, 9.146098136901855, 9.175939559936523, 9.145626068115234, 9.130834579467773, 9.12502670288086, 9.095261573791504, 9.091507911682129, 9.076522827148438, 9.043668746948242], "grad_norms": [2.6109070777893066, 1.581645131111145, 1.4222896099090576, 1.3903474807739258, 1.2952632904052734, 1.266219139099121, 1.1574549674987793, 1.16587233543396, 1.2108315229415894, 1.2995282411575317, 1.3003737926483154, 1.2538416385650635, 1.2015206813812256, 1.1936814785003662, 1.2031035423278809, 1.2127853631973267, 1.4374319314956665, 1.4638503789901733, 1.453783631324768, 1.4349415302276611, 1.4385359287261963, 1.3082103729248047, 1.1956119537353516, 1.3555400371551514, 1.4031988382339478, 1.4489903450012207, 1.5101678371429443, 1.5540289878845215, 1.4014866352081299, 1.2422006130218506, 1.2409443855285645, 1.1783463954925537, 1.2251216173171997, 1.2148324251174927, 1.1881625652313232, 1.2481602430343628, 1.2794508934020996, 1.2750471830368042, 1.2388900518417358, 1.1710002422332764, 1.1953045129776, 1.1864551305770874, 1.197487235069275, 1.1838504076004028, 1.2161800861358643, 1.1796009540557861, 1.1509934663772583, 1.202812910079956, 1.1985464096069336, 1.1701003313064575, 1.2160108089447021, 1.2249767780303955, 1.2457735538482666, 1.619265079498291, 1.6537353992462158, 1.6385740041732788, 1.492695927619934, 1.3034467697143555, 1.242457389831543, 1.3218492269515991, 1.4068553447723389, 1.431096076965332, 1.3596605062484741, 1.2442771196365356, 1.1946485042572021, 1.186841368675232, 1.188219428062439, 1.1827059984207153, 1.1790680885314941, 1.199471116065979, 1.2003967761993408, 1.1963222026824951, 1.2220420837402344, 1.1959716081619263, 1.2364205121994019, 1.2789082527160645, 1.2374626398086548, 1.262700080871582, 1.3087414503097534, 1.3933689594268799, 1.3743014335632324, 1.335819125175476, 1.2664451599121094, 1.2889522314071655, 1.242188572883606, 1.2634602785110474, 1.251817226409912, 1.2203255891799927, 1.241212248802185, 1.2295080423355103, 1.2543234825134277, 1.2929316759109497, 1.2718946933746338, 1.308746576309204, 1.2696586847305298, 1.2080814838409424, 1.181872844696045, 1.172891616821289, 1.1774322986602783, 1.1731727123260498], "final_loss": 9.043668746948242, "file_name": "./losses_and_grad_norms/hd100_nh10_nl10_bs16_gc2.5.png"}