{"losses": [10.860401153564453, 10.777353286743164, 10.707134246826172, 10.653382301330566, 10.619656562805176, 10.595070838928223, 10.570050239562988, 10.550851821899414, 10.526348114013672, 10.51257610321045, 10.482688903808594, 10.470846176147461, 10.452276229858398, 10.43497371673584, 10.409623146057129, 10.40975284576416, 10.376838684082031, 10.334872245788574, 10.320778846740723, 10.3075532913208, 10.290637016296387, 10.321900367736816, 10.299612045288086, 10.24350357055664, 10.207159996032715, 10.183152198791504, 10.191729545593262, 10.157001495361328, 10.208033561706543, 10.194377899169922, 10.164224624633789, 10.157885551452637, 10.128702163696289, 10.112992286682129, 10.104293823242188, 10.060556411743164, 10.047531127929688, 10.01954460144043, 10.009523391723633, 10.027334213256836, 9.993998527526855, 9.984306335449219, 9.96666145324707, 9.961950302124023, 9.934803009033203, 9.930667877197266, 9.923080444335938, 9.877105712890625, 9.862160682678223, 9.857102394104004, 9.838950157165527, 9.821462631225586, 9.798677444458008, 9.775531768798828, 9.73906135559082, 9.722151756286621, 9.696799278259277, 9.69587516784668, 9.676677703857422, 9.656135559082031, 9.619391441345215, 9.592511177062988, 9.595980644226074, 9.604315757751465, 9.580464363098145, 9.55305004119873, 9.534093856811523, 9.536761283874512, 9.536062240600586, 9.507669448852539, 9.472188949584961, 9.463991165161133, 9.444204330444336, 9.420978546142578, 9.39840030670166, 9.372896194458008, 9.359326362609863, 9.339529991149902, 9.327240943908691, 9.320222854614258, 9.315693855285645, 9.283807754516602, 9.284046173095703, 9.250412940979004, 9.253058433532715, 9.216020584106445, 9.195457458496094, 9.200712203979492, 9.177617073059082, 9.144204139709473, 9.138544082641602, 9.109953880310059, 9.129682540893555, 9.100810050964355, 9.089476585388184, 9.084819793701172, 9.060399055480957, 9.051187515258789, 9.031478881835938, 9.00428295135498], "grad_norms": [3.802285671234131, 1.835319995880127, 1.5884257555007935, 1.3866199254989624, 1.309012532234192, 1.2641215324401855, 1.194385290145874, 1.1735128164291382, 1.2039835453033447, 1.2137455940246582, 1.2333145141601562, 1.2347729206085205, 1.2596120834350586, 1.2281817197799683, 1.2176616191864014, 1.1946535110473633, 1.4284926652908325, 1.4262003898620605, 1.3744338750839233, 1.3873835802078247, 1.341781735420227, 1.3248991966247559, 1.228520393371582, 1.332366943359375, 1.3851838111877441, 1.4248589277267456, 1.3646519184112549, 1.3964790105819702, 1.2350975275039673, 1.2180267572402954, 1.2517669200897217, 1.1840938329696655, 1.2314916849136353, 1.2197643518447876, 1.1992841958999634, 1.2452549934387207, 1.286807656288147, 1.277899146080017, 1.2354925870895386, 1.1709200143814087, 1.2243238687515259, 1.2754236459732056, 1.3469105958938599, 1.4043534994125366, 1.414296269416809, 1.2874356508255005, 1.2084267139434814, 1.2069987058639526, 1.2161712646484375, 1.1932551860809326, 1.210721731185913, 1.180740237236023, 1.1841063499450684, 1.4603838920593262, 1.4263163805007935, 1.4945188760757446, 1.4518353939056396, 1.2948660850524902, 1.2499879598617554, 1.331800937652588, 1.4057573080062866, 1.416605830192566, 1.346748948097229, 1.249272346496582, 1.1999473571777344, 1.1980990171432495, 1.2133588790893555, 1.214564561843872, 1.2108700275421143, 1.212047815322876, 1.2006860971450806, 1.1917405128479004, 1.2142714262008667, 1.1932452917099, 1.2334288358688354, 1.261940836906433, 1.2186310291290283, 1.206260323524475, 1.2223124504089355, 1.3216441869735718, 1.3288638591766357, 1.3400955200195312, 1.299990177154541, 1.296061635017395, 1.232529878616333, 1.2513974905014038, 1.256951928138733, 1.2397229671478271, 1.2615257501602173, 1.253918170928955, 1.2828755378723145, 1.2810468673706055, 1.1978542804718018, 1.2120813131332397, 1.1995525360107422, 1.177433967590332, 1.1714293956756592, 1.176415205001831, 1.1829251050949097, 1.1771116256713867], "final_loss": 9.00428295135498, "file_name": "./losses_and_grad_norms/hd100_nh20_nl10_bs16_gc1.5.png"}