{"losses": [10.864850997924805, 10.842798233032227, 10.835027694702148, 10.819648742675781, 10.808517456054688, 10.802002906799316, 10.786545753479004, 10.77312183380127, 10.755979537963867, 10.745141983032227, 10.72092342376709, 10.697212219238281, 10.664246559143066, 10.640507698059082, 10.611159324645996, 10.596001625061035, 10.563148498535156, 10.52370548248291, 10.492384910583496, 10.45866584777832, 10.432851791381836, 10.422272682189941, 10.404767036437988, 10.361532211303711, 10.322007179260254, 10.28785514831543, 10.282801628112793, 10.24441146850586, 10.25982666015625, 10.24427318572998, 10.21738338470459, 10.199453353881836, 10.167913436889648, 10.152287483215332, 10.13503646850586, 10.0864839553833, 10.072463989257812, 10.048768043518066, 10.036492347717285, 10.039859771728516, 10.007855415344238, 9.994425773620605, 9.971431732177734, 9.951556205749512, 9.929389953613281, 9.914180755615234, 9.913702964782715, 9.866881370544434, 9.851946830749512, 9.845733642578125, 9.826305389404297, 9.805926322937012, 9.777603149414062, 9.744932174682617, 9.721807479858398, 9.69499683380127, 9.667106628417969, 9.669507026672363, 9.645437240600586, 9.628314971923828, 9.59006118774414, 9.554221153259277, 9.554421424865723, 9.558016777038574, 9.539412498474121, 9.510555267333984, 9.490436553955078, 9.48721694946289, 9.475911140441895, 9.447172164916992, 9.420679092407227, 9.408145904541016, 9.391528129577637, 9.363057136535645, 9.34226131439209, 9.321704864501953, 9.296578407287598, 9.284211158752441, 9.272173881530762, 9.24905014038086, 9.243752479553223, 9.214391708374023, 9.218835830688477, 9.180838584899902, 9.180033683776855, 9.138799667358398, 9.116966247558594, 9.125167846679688, 9.101933479309082, 9.069774627685547, 9.049205780029297, 9.02877140045166, 9.050561904907227, 9.022320747375488, 9.0059175491333, 9.007269859313965, 8.968657493591309, 8.964326858520508, 8.945627212524414, 8.92268180847168], "grad_norms": [1.1958030462265015, 1.0771392583847046, 1.1196528673171997, 1.1106735467910767, 1.1560012102127075, 1.168925166130066, 1.2116551399230957, 1.21811044216156, 1.3076488971710205, 1.3674812316894531, 1.4419442415237427, 1.4482187032699585, 1.4817477464675903, 1.4866054058074951, 1.4596203565597534, 1.4480547904968262, 1.5539517402648926, 1.5534919500350952, 1.4734936952590942, 1.4388178586959839, 1.3826854228973389, 1.2248661518096924, 1.1973321437835693, 1.2992559671401978, 1.3754856586456299, 1.3946706056594849, 1.3350049257278442, 1.3518906831741333, 1.1845762729644775, 1.1931734085083008, 1.2368179559707642, 1.1722687482833862, 1.2160706520080566, 1.2032864093780518, 1.178929328918457, 1.225390911102295, 1.2638413906097412, 1.2640272378921509, 1.219648003578186, 1.1457161903381348, 1.1857292652130127, 1.172633171081543, 1.1767905950546265, 1.1464250087738037, 1.1694849729537964, 1.1433498859405518, 1.1241507530212402, 1.1711913347244263, 1.1668264865875244, 1.129201889038086, 1.1574418544769287, 1.1365954875946045, 1.1484780311584473, 1.4017829895019531, 1.3775557279586792, 1.4198553562164307, 1.3848528861999512, 1.2310529947280884, 1.229405164718628, 1.3237682580947876, 1.3987538814544678, 1.4138113260269165, 1.3393617868423462, 1.2067289352416992, 1.1946908235549927, 1.192048192024231, 1.1929130554199219, 1.1792609691619873, 1.1925485134124756, 1.193991780281067, 1.1873059272766113, 1.183848261833191, 1.207370638847351, 1.1908552646636963, 1.2224774360656738, 1.2504346370697021, 1.2017465829849243, 1.1982208490371704, 1.1968849897384644, 1.2522172927856445, 1.2352538108825684, 1.2482048273086548, 1.2288742065429688, 1.2631065845489502, 1.223810076713562, 1.2418543100357056, 1.2393810749053955, 1.2173819541931152, 1.2323808670043945, 1.2180874347686768, 1.2445714473724365, 1.2521916627883911, 1.1776412725448608, 1.196723222732544, 1.176642656326294, 1.1670082807540894, 1.159765362739563, 1.1628737449645996, 1.1731330156326294, 1.1643396615982056], "final_loss": 8.92268180847168, "file_name": "./losses_and_grad_norms/hd100_nh1_nl1_bs16_gc1.5.png"}