{"losses": [10.834053039550781, 10.821178436279297, 10.81322193145752, 10.799832344055176, 10.782035827636719, 10.771262168884277, 10.757847785949707, 10.74132251739502, 10.726374626159668, 10.711896896362305, 10.690393447875977, 10.659168243408203, 10.632745742797852, 10.609068870544434, 10.581032752990723, 10.567606925964355, 10.525238037109375, 10.493491172790527, 10.454703330993652, 10.43574047088623, 10.402836799621582, 10.404061317443848, 10.384668350219727, 10.331395149230957, 10.295331954956055, 10.2681303024292, 10.262099266052246, 10.230854988098145, 10.249808311462402, 10.230472564697266, 10.191608428955078, 10.18855094909668, 10.151232719421387, 10.126627922058105, 10.120290756225586, 10.06876277923584, 10.05534839630127, 10.03038215637207, 10.01557445526123, 10.023799896240234, 9.98197078704834, 9.978160858154297, 9.945294380187988, 9.938770294189453, 9.911818504333496, 9.89854907989502, 9.887273788452148, 9.844730377197266, 9.82499885559082, 9.813374519348145, 9.797836303710938, 9.771401405334473, 9.741528511047363, 9.717000961303711, 9.67646598815918, 9.666013717651367, 9.645524978637695, 9.640680313110352, 9.616064071655273, 9.593520164489746, 9.561264991760254, 9.542624473571777, 9.529436111450195, 9.538808822631836, 9.513716697692871, 9.484569549560547, 9.469799041748047, 9.467182159423828, 9.456851959228516, 9.424417495727539, 9.395058631896973, 9.378150939941406, 9.360125541687012, 9.333908081054688, 9.317481994628906, 9.29732608795166, 9.274602890014648, 9.258710861206055, 9.2430419921875, 9.22856616973877, 9.217169761657715, 9.185508728027344, 9.1879243850708, 9.156949043273926, 9.152345657348633, 9.12180233001709, 9.09370231628418, 9.090696334838867, 9.079784393310547, 9.045440673828125, 9.023503303527832, 8.994071006774902, 9.028891563415527, 8.989228248596191, 8.971474647521973, 8.973411560058594, 8.944293022155762, 8.926496505737305, 8.91760540008545, 8.88681411743164], "grad_norms": [1.1828805208206177, 1.0909926891326904, 1.1437327861785889, 1.164921760559082, 1.1996134519577026, 1.20160973072052, 1.2678152322769165, 1.2783825397491455, 1.3700356483459473, 1.4462473392486572, 1.478926658630371, 1.5506761074066162, 1.5369153022766113, 1.498830795288086, 1.4821356534957886, 1.3958827257156372, 1.4760875701904297, 1.4983896017074585, 1.4361377954483032, 1.398620843887329, 1.3474550247192383, 1.2300273180007935, 1.201320767402649, 1.2834256887435913, 1.3723787069320679, 1.3909056186676025, 1.3268663883209229, 1.3480430841445923, 1.1963399648666382, 1.1947484016418457, 1.2379859685897827, 1.1729552745819092, 1.2179514169692993, 1.207223653793335, 1.1796159744262695, 1.2273865938186646, 1.269007682800293, 1.2683372497558594, 1.2219023704528809, 1.1458661556243896, 1.1870818138122559, 1.173274278640747, 1.178017497062683, 1.1471213102340698, 1.169976830482483, 1.1463040113449097, 1.125531792640686, 1.1732350587844849, 1.1682708263397217, 1.1313728094100952, 1.159300684928894, 1.1384973526000977, 1.1498820781707764, 1.4063231945037842, 1.387136697769165, 1.4269969463348389, 1.3897485733032227, 1.2355595827102661, 1.2326717376708984, 1.327438235282898, 1.4010130167007446, 1.417876958847046, 1.340513825416565, 1.2167885303497314, 1.2009272575378418, 1.1948596239089966, 1.1951953172683716, 1.181479811668396, 1.194270133972168, 1.1939893960952759, 1.1898081302642822, 1.185299277305603, 1.2089437246322632, 1.191809892654419, 1.2218493223190308, 1.2545405626296997, 1.2033334970474243, 1.1983253955841064, 1.1973425149917603, 1.2529445886611938, 1.2360578775405884, 1.2487592697143555, 1.229771614074707, 1.2637723684310913, 1.223953127861023, 1.2432726621627808, 1.2402747869491577, 1.218348741531372, 1.2322893142700195, 1.2182891368865967, 1.2445709705352783, 1.2527951002120972, 1.1775517463684082, 1.19621741771698, 1.1779659986495972, 1.168284296989441, 1.1607043743133545, 1.1639739274978638, 1.1744815111160278, 1.1664719581604004], "final_loss": 8.88681411743164, "file_name": "./losses_and_grad_norms/hd100_nh1_nl1_bs16_gc1.png"}