{"losses": [10.82607650756836, 10.738875389099121, 10.67699909210205, 10.631937980651855, 10.599370956420898, 10.580517768859863, 10.557849884033203, 10.536358833312988, 10.51353645324707, 10.495234489440918, 10.478450775146484, 10.456681251525879, 10.442426681518555, 10.43752384185791, 10.405377388000488, 10.409101486206055, 10.389101028442383, 10.362650871276855, 10.338085174560547, 10.323373794555664, 10.310168266296387, 10.319893836975098, 10.301359176635742, 10.261760711669922, 10.23076343536377, 10.206645011901855, 10.204350471496582, 10.170759201049805, 10.200495719909668, 10.183603286743164, 10.156099319458008, 10.155942916870117, 10.112727165222168, 10.104781150817871, 10.1002779006958, 10.061846733093262, 10.052168846130371, 10.022006034851074, 10.012024879455566, 10.021017074584961, 9.99036979675293, 9.971782684326172, 9.95546817779541, 9.940821647644043, 9.91937255859375, 9.91171932220459, 9.909501075744629, 9.867598533630371, 9.852346420288086, 9.8463134765625, 9.830965995788574, 9.811967849731445, 9.792424201965332, 9.76970100402832, 9.735649108886719, 9.715557098388672, 9.690425872802734, 9.697421073913574, 9.66035270690918, 9.646344184875488, 9.6124267578125, 9.592310905456543, 9.589457511901855, 9.599615097045898, 9.571534156799316, 9.546299934387207, 9.522934913635254, 9.522758483886719, 9.512438774108887, 9.487127304077148, 9.457172393798828, 9.448060989379883, 9.428483963012695, 9.411856651306152, 9.383467674255371, 9.371867179870605, 9.351887702941895, 9.339091300964355, 9.32619857788086, 9.316926002502441, 9.299590110778809, 9.268193244934082, 9.275256156921387, 9.244322776794434, 9.241007804870605, 9.207915306091309, 9.188591957092285, 9.18432331085205, 9.169095993041992, 9.138678550720215, 9.121634483337402, 9.095569610595703, 9.115217208862305, 9.085309028625488, 9.067255973815918, 9.071492195129395, 9.044028282165527, 9.037367820739746, 9.022439002990723, 8.994444847106934], "grad_norms": [2.9321939945220947, 2.033456325531006, 1.6616184711456299, 1.3612483739852905, 1.3369691371917725, 1.2669439315795898, 1.230877161026001, 1.197316288948059, 1.1917752027511597, 1.218286395072937, 1.2152265310287476, 1.2060602903366089, 1.1976349353790283, 1.1943116188049316, 1.2004480361938477, 1.1775174140930176, 1.391933798789978, 1.4047119617462158, 1.3845628499984741, 1.3921098709106445, 1.3448460102081299, 1.2885425090789795, 1.2068848609924316, 1.342869520187378, 1.3901572227478027, 1.4296000003814697, 1.3879538774490356, 1.456654667854309, 1.320103645324707, 1.304624080657959, 1.3032859563827515, 1.2283217906951904, 1.2673519849777222, 1.2465676069259644, 1.2084712982177734, 1.2619507312774658, 1.2858526706695557, 1.2814922332763672, 1.2350082397460938, 1.1620044708251953, 1.1915432214736938, 1.1875466108322144, 1.200631022453308, 1.1744567155838013, 1.185146450996399, 1.1627508401870728, 1.142297625541687, 1.1905981302261353, 1.2146501541137695, 1.2465884685516357, 1.284659504890442, 1.3216309547424316, 1.2825736999511719, 1.4900033473968506, 1.4439808130264282, 1.4757219552993774, 1.4445405006408691, 1.2782222032546997, 1.2463749647140503, 1.3266520500183105, 1.4018311500549316, 1.4247366189956665, 1.3815715312957764, 1.3082053661346436, 1.25771963596344, 1.2509902715682983, 1.2382514476776123, 1.2122175693511963, 1.221085548400879, 1.2102998495101929, 1.2092170715332031, 1.2052085399627686, 1.222847819328308, 1.1998571157455444, 1.2283289432525635, 1.2682403326034546, 1.2330090999603271, 1.224862813949585, 1.2315698862075806, 1.2770003080368042, 1.258677363395691, 1.271117925643921, 1.2585912942886353, 1.2886475324630737, 1.2490081787109375, 1.260036826133728, 1.2482022047042847, 1.2246886491775513, 1.2439981698989868, 1.2358731031417847, 1.2668609619140625, 1.282994031906128, 1.2042734622955322, 1.2138841152191162, 1.1923643350601196, 1.1824592351913452, 1.1769953966140747, 1.1905542612075806, 1.2309321165084839, 1.2345607280731201], "final_loss": 8.994444847106934, "file_name": "./losses_and_grad_norms/hd100_nh1_nl10_bs16_gc2.5.png"}