{"losses": [10.853899002075195, 10.834815979003906, 10.812444686889648, 10.788872718811035, 10.765198707580566, 10.741578102111816, 10.716033935546875, 10.6879243850708, 10.651108741760254, 10.616765022277832, 10.588440895080566, 10.562052726745605, 10.528432846069336, 10.514299392700195, 10.488497734069824, 10.47342300415039, 10.442139625549316, 10.415212631225586, 10.400670051574707, 10.371057510375977, 10.3552885055542, 10.35934829711914, 10.350369453430176, 10.30203914642334, 10.270502090454102, 10.248444557189941, 10.251218795776367, 10.210017204284668, 10.236138343811035, 10.222363471984863, 10.19331169128418, 10.18881893157959, 10.15146255493164, 10.137895584106445, 10.130964279174805, 10.077496528625488, 10.06301212310791, 10.036778450012207, 10.027512550354004, 10.048628807067871, 10.016596794128418, 9.99742317199707, 9.98086929321289, 9.959307670593262, 9.943867683410645, 9.932332038879395, 9.926745414733887, 9.879974365234375, 9.873056411743164, 9.859323501586914, 9.837250709533691, 9.821619987487793, 9.79651927947998, 9.753979682922363, 9.73135757446289, 9.708345413208008, 9.683191299438477, 9.687899589538574, 9.661540031433105, 9.643017768859863, 9.602590560913086, 9.577544212341309, 9.573958396911621, 9.581507682800293, 9.560103416442871, 9.535905838012695, 9.511682510375977, 9.516496658325195, 9.506722450256348, 9.487268447875977, 9.45785903930664, 9.44482707977295, 9.41868782043457, 9.400541305541992, 9.375093460083008, 9.350863456726074, 9.330647468566895, 9.315672874450684, 9.310205459594727, 9.286233901977539, 9.277559280395508, 9.249489784240723, 9.253981590270996, 9.22331428527832, 9.221321105957031, 9.186481475830078, 9.159527778625488, 9.16445255279541, 9.145635604858398, 9.11196231842041, 9.096790313720703, 9.073284149169922, 9.094539642333984, 9.06494140625, 9.045108795166016, 9.052526473999023, 9.018418312072754, 9.009861946105957, 8.991854667663574, 8.96809196472168], "grad_norms": [1.7501065731048584, 1.4551022052764893, 1.5012457370758057, 1.6020036935806274, 1.6603617668151855, 1.6601834297180176, 1.5881365537643433, 1.5076971054077148, 1.452716588973999, 1.370423436164856, 1.3117576837539673, 1.2493784427642822, 1.2250380516052246, 1.189898133277893, 1.1774299144744873, 1.1453553438186646, 1.3373504877090454, 1.374136209487915, 1.3431566953659058, 1.3445271253585815, 1.309065818786621, 1.191184163093567, 1.1612141132354736, 1.2832401990890503, 1.3650161027908325, 1.3890661001205444, 1.3356075286865234, 1.3557562828063965, 1.18691885471344, 1.2060784101486206, 1.2410565614700317, 1.1786117553710938, 1.2226574420928955, 1.2103419303894043, 1.184672236442566, 1.2316784858703613, 1.2681058645248413, 1.2688701152801514, 1.223726511001587, 1.1476937532424927, 1.1878224611282349, 1.1748652458190918, 1.17684805393219, 1.1463141441345215, 1.1683388948440552, 1.1435697078704834, 1.1226181983947754, 1.1708078384399414, 1.1671897172927856, 1.1297123432159424, 1.1560404300689697, 1.1354939937591553, 1.1464813947677612, 1.4055579900741577, 1.3769984245300293, 1.4169236421585083, 1.3824719190597534, 1.2313039302825928, 1.2279689311981201, 1.3218939304351807, 1.3948557376861572, 1.4111063480377197, 1.3385460376739502, 1.20686936378479, 1.1913096904754639, 1.1869242191314697, 1.1895467042922974, 1.1766388416290283, 1.183373212814331, 1.1855790615081787, 1.182717204093933, 1.1778762340545654, 1.2034951448440552, 1.1870439052581787, 1.2177114486694336, 1.2462742328643799, 1.2014286518096924, 1.1947319507598877, 1.1970688104629517, 1.2542012929916382, 1.2350153923034668, 1.2456544637680054, 1.2271711826324463, 1.2615834474563599, 1.2218393087387085, 1.2414617538452148, 1.238084077835083, 1.2146871089935303, 1.2309556007385254, 1.2166506052017212, 1.243099331855774, 1.251450538635254, 1.173072099685669, 1.1925138235092163, 1.1739894151687622, 1.1658841371536255, 1.1580153703689575, 1.1623958349227905, 1.173703908920288, 1.165806770324707], "final_loss": 8.96809196472168, "file_name": "./losses_and_grad_norms/hd100_nh1_nl2_bs16_gc1.5.png"}