{"losses": [10.84072494506836, 10.818922996520996, 10.79220962524414, 10.767590522766113, 10.746788024902344, 10.720539093017578, 10.69246768951416, 10.661565780639648, 10.621682167053223, 10.592143058776855, 10.558391571044922, 10.525965690612793, 10.494627952575684, 10.470839500427246, 10.447748184204102, 10.438959121704102, 10.414833068847656, 10.386595726013184, 10.360218048095703, 10.341653823852539, 10.326434135437012, 10.327668190002441, 10.312029838562012, 10.262057304382324, 10.235315322875977, 10.205982208251953, 10.214237213134766, 10.177205085754395, 10.198663711547852, 10.179378509521484, 10.142430305480957, 10.13735294342041, 10.103414535522461, 10.083342552185059, 10.07638931274414, 10.033021926879883, 10.02181339263916, 9.99377155303955, 9.984596252441406, 9.98942756652832, 9.95167064666748, 9.938426971435547, 9.918854713439941, 9.907407760620117, 9.88081169128418, 9.86796760559082, 9.860221862792969, 9.820466041564941, 9.806415557861328, 9.793991088867188, 9.776799201965332, 9.752666473388672, 9.72425651550293, 9.693153381347656, 9.670485496520996, 9.637152671813965, 9.625262260437012, 9.630351066589355, 9.60348129272461, 9.588127136230469, 9.545440673828125, 9.520889282226562, 9.514130592346191, 9.534634590148926, 9.514130592346191, 9.486305236816406, 9.465696334838867, 9.45408821105957, 9.442079544067383, 9.415360450744629, 9.386094093322754, 9.377405166625977, 9.35350227355957, 9.328156471252441, 9.307392120361328, 9.29176139831543, 9.278946876525879, 9.266467094421387, 9.250456809997559, 9.224947929382324, 9.212939262390137, 9.186898231506348, 9.186325073242188, 9.150786399841309, 9.15071964263916, 9.116445541381836, 9.093554496765137, 9.095617294311523, 9.080049514770508, 9.044523239135742, 9.027697563171387, 8.995299339294434, 9.02660846710205, 8.999388694763184, 8.979857444763184, 8.981284141540527, 8.949982643127441, 8.929718017578125, 8.921306610107422, 8.898662567138672], "grad_norms": [1.6451667547225952, 1.6410802602767944, 1.7012403011322021, 1.7329678535461426, 1.8107359409332275, 1.7763773202896118, 1.7083306312561035, 1.639156460762024, 1.5378144979476929, 1.455977439880371, 1.4134926795959473, 1.2819539308547974, 1.2328847646713257, 1.1956816911697388, 1.1915143728256226, 1.155365228652954, 1.3497601747512817, 1.3911396265029907, 1.3540713787078857, 1.3474383354187012, 1.3155542612075806, 1.223740816116333, 1.1740013360977173, 1.294297695159912, 1.374136209487915, 1.3967329263687134, 1.3395916223526, 1.3594436645507812, 1.204492449760437, 1.212149739265442, 1.2493376731872559, 1.176992654800415, 1.223492980003357, 1.2115789651870728, 1.1839948892593384, 1.2334390878677368, 1.27208411693573, 1.2702977657318115, 1.2234416007995605, 1.1521270275115967, 1.186668872833252, 1.17502760887146, 1.1767007112503052, 1.1475658416748047, 1.1673688888549805, 1.1439751386642456, 1.1216096878051758, 1.1691975593566895, 1.1670496463775635, 1.127337098121643, 1.1539136171340942, 1.1320815086364746, 1.1456708908081055, 1.437584638595581, 1.3851295709609985, 1.418192744255066, 1.3804895877838135, 1.2335294485092163, 1.2263429164886475, 1.3204264640808105, 1.3929296731948853, 1.4085614681243896, 1.335052490234375, 1.2303828001022339, 1.2019702196121216, 1.1914803981781006, 1.1927897930145264, 1.1817361116409302, 1.1841034889221191, 1.1876894235610962, 1.1854517459869385, 1.1776186227798462, 1.2047841548919678, 1.1879465579986572, 1.2159768342971802, 1.2534233331680298, 1.2032053470611572, 1.1981699466705322, 1.1967276334762573, 1.251839280128479, 1.234195590019226, 1.245322346687317, 1.2266043424606323, 1.260085940361023, 1.2216285467147827, 1.2448135614395142, 1.2418549060821533, 1.2158093452453613, 1.2301830053329468, 1.215470314025879, 1.2439446449279785, 1.2641642093658447, 1.189629316329956, 1.1932036876678467, 1.1740666627883911, 1.171199917793274, 1.16145920753479, 1.165688157081604, 1.173789620399475, 1.1627678871154785], "final_loss": 8.898662567138672, "file_name": "./losses_and_grad_norms/hd100_nh1_nl2_bs16_gc1.png"}