{"losses": [10.838717460632324, 10.756694793701172, 10.696087837219238, 10.65320873260498, 10.62110710144043, 10.604034423828125, 10.585219383239746, 10.56129264831543, 10.538312911987305, 10.521474838256836, 10.494829177856445, 10.477588653564453, 10.461230278015137, 10.448710441589355, 10.42520809173584, 10.437335968017578, 10.393791198730469, 10.372370719909668, 10.342692375183105, 10.336413383483887, 10.31479549407959, 10.340559959411621, 10.315128326416016, 10.261099815368652, 10.225800514221191, 10.195380210876465, 10.212903022766113, 10.171926498413086, 10.215746879577637, 10.201586723327637, 10.158486366271973, 10.160523414611816, 10.129353523254395, 10.111629486083984, 10.113712310791016, 10.061511039733887, 10.050808906555176, 10.028660774230957, 10.018959999084473, 10.034470558166504, 9.999258041381836, 9.9876070022583, 9.972153663635254, 9.960301399230957, 9.936471939086914, 9.9277925491333, 9.929267883300781, 9.888943672180176, 9.87221908569336, 9.861632347106934, 9.851449966430664, 9.837272644042969, 9.819168090820312, 9.776603698730469, 9.741018295288086, 9.71338176727295, 9.700328826904297, 9.694774627685547, 9.674454689025879, 9.659564018249512, 9.621380805969238, 9.598828315734863, 9.595651626586914, 9.607695579528809, 9.579614639282227, 9.564896583557129, 9.537994384765625, 9.54224681854248, 9.531078338623047, 9.516935348510742, 9.486773490905762, 9.471214294433594, 9.447550773620605, 9.424980163574219, 9.409221649169922, 9.38262939453125, 9.36149787902832, 9.343153953552246, 9.329866409301758, 9.312541961669922, 9.305889129638672, 9.27596378326416, 9.277118682861328, 9.243951797485352, 9.246171951293945, 9.205318450927734, 9.187243461608887, 9.189371109008789, 9.170401573181152, 9.142956733703613, 9.126078605651855, 9.097929000854492, 9.132884979248047, 9.106770515441895, 9.090132713317871, 9.092923164367676, 9.061281204223633, 9.053543090820312, 9.038297653198242, 9.008227348327637], "grad_norms": [3.209456205368042, 2.0764119625091553, 1.590821385383606, 1.4588793516159058, 1.405523419380188, 1.232440710067749, 1.1517115831375122, 1.1245591640472412, 1.1586872339248657, 1.2042394876480103, 1.2332324981689453, 1.218371868133545, 1.2218674421310425, 1.2334036827087402, 1.246311068534851, 1.2215393781661987, 1.478372573852539, 1.5221534967422485, 1.4971249103546143, 1.5168014764785767, 1.4186115264892578, 1.351975440979004, 1.2115267515182495, 1.3575007915496826, 1.4141310453414917, 1.5138511657714844, 1.462754249572754, 1.4672380685806274, 1.244843602180481, 1.2240504026412964, 1.2483606338500977, 1.1784799098968506, 1.2265342473983765, 1.2225618362426758, 1.1972157955169678, 1.248361349105835, 1.2805671691894531, 1.2732956409454346, 1.2403675317764282, 1.171917200088501, 1.2002589702606201, 1.1843178272247314, 1.1899783611297607, 1.1654257774353027, 1.1972463130950928, 1.1797630786895752, 1.1502455472946167, 1.1960391998291016, 1.209176778793335, 1.1923187971115112, 1.3052064180374146, 1.4451525211334229, 1.489794373512268, 1.5732316970825195, 1.4539567232131958, 1.4775811433792114, 1.439947247505188, 1.2779462337493896, 1.2510404586791992, 1.3308247327804565, 1.4020167589187622, 1.4216781854629517, 1.3618457317352295, 1.235548734664917, 1.198401927947998, 1.188727617263794, 1.2009234428405762, 1.2059006690979004, 1.211774468421936, 1.219178318977356, 1.2039201259613037, 1.1958645582199097, 1.2219620943069458, 1.2055696249008179, 1.2412843704223633, 1.260306477546692, 1.2285561561584473, 1.2250930070877075, 1.2417933940887451, 1.3832621574401855, 1.338348150253296, 1.3170729875564575, 1.2980674505233765, 1.318906307220459, 1.2670913934707642, 1.2874608039855957, 1.2882940769195557, 1.2744810581207275, 1.3023017644882202, 1.297555923461914, 1.3179876804351807, 1.3035248517990112, 1.2222098112106323, 1.2122645378112793, 1.1794631481170654, 1.1744301319122314, 1.165272831916809, 1.1696693897247314, 1.1897703409194946, 1.1733208894729614], "final_loss": 9.008227348327637, "file_name": "./losses_and_grad_norms/hd100_nh10_nl10_bs16_gc1.5.png"}