{"losses": [10.833730697631836, 10.812602043151855, 10.798080444335938, 10.772405624389648, 10.748035430908203, 10.72905445098877, 10.698784828186035, 10.67638111114502, 10.64552116394043, 10.623625755310059, 10.595842361450195, 10.570704460144043, 10.543696403503418, 10.523577690124512, 10.4945650100708, 10.486680030822754, 10.460770606994629, 10.4390230178833, 10.412198066711426, 10.396352767944336, 10.374385833740234, 10.36929988861084, 10.35295295715332, 10.316276550292969, 10.286291122436523, 10.258663177490234, 10.261972427368164, 10.227052688598633, 10.244508743286133, 10.227279663085938, 10.203680992126465, 10.193689346313477, 10.159884452819824, 10.145065307617188, 10.137836456298828, 10.09107494354248, 10.070259094238281, 10.043299674987793, 10.03414535522461, 10.047797203063965, 10.015069007873535, 10.005146980285645, 9.982714653015137, 9.972585678100586, 9.948906898498535, 9.9337739944458, 9.929099082946777, 9.890702247619629, 9.870217323303223, 9.861760139465332, 9.84781551361084, 9.827192306518555, 9.79869270324707, 9.773215293884277, 9.748431205749512, 9.728314399719238, 9.7064790725708, 9.695923805236816, 9.676362037658691, 9.662965774536133, 9.627771377563477, 9.602072715759277, 9.59458065032959, 9.593881607055664, 9.569526672363281, 9.549246788024902, 9.52945613861084, 9.52821159362793, 9.516219139099121, 9.489997863769531, 9.453818321228027, 9.449569702148438, 9.424992561340332, 9.404608726501465, 9.38387680053711, 9.358742713928223, 9.34406852722168, 9.330005645751953, 9.317469596862793, 9.303301811218262, 9.300426483154297, 9.263513565063477, 9.266934394836426, 9.231304168701172, 9.233099937438965, 9.20440673828125, 9.179466247558594, 9.17429256439209, 9.15976333618164, 9.131318092346191, 9.11135482788086, 9.087965965270996, 9.105398178100586, 9.080163955688477, 9.061924934387207, 9.064813613891602, 9.032944679260254, 9.027539253234863, 9.010562896728516, 8.981154441833496], "grad_norms": [1.4617252349853516, 1.2564079761505127, 1.3481279611587524, 1.3676010370254517, 1.4034056663513184, 1.4371668100357056, 1.4302549362182617, 1.3495643138885498, 1.3505815267562866, 1.3351707458496094, 1.283526062965393, 1.2298990488052368, 1.200190782546997, 1.1655932664871216, 1.1712803840637207, 1.1343412399291992, 1.3338524103164673, 1.369735836982727, 1.345265507698059, 1.341904640197754, 1.3078285455703735, 1.2176045179367065, 1.1710503101348877, 1.2849916219711304, 1.36874258518219, 1.3910821676254272, 1.3354002237319946, 1.353777527809143, 1.2040597200393677, 1.2047170400619507, 1.247039794921875, 1.1764925718307495, 1.2219843864440918, 1.2106419801712036, 1.1849700212478638, 1.2328120470046997, 1.2697876691818237, 1.2708346843719482, 1.2242311239242554, 1.1470824480056763, 1.1885586977005005, 1.1737515926361084, 1.1770045757293701, 1.1478967666625977, 1.1699583530426025, 1.1450624465942383, 1.123529314994812, 1.1731977462768555, 1.166731357574463, 1.1310582160949707, 1.1566511392593384, 1.135419487953186, 1.1470001935958862, 1.4114773273468018, 1.3810160160064697, 1.4181408882141113, 1.3827229738235474, 1.2374000549316406, 1.227542519569397, 1.3250415325164795, 1.396188497543335, 1.4107671976089478, 1.3372609615325928, 1.2152252197265625, 1.1912143230438232, 1.1886529922485352, 1.1898086071014404, 1.175478219985962, 1.1859816312789917, 1.186246395111084, 1.1850944757461548, 1.1792439222335815, 1.203029751777649, 1.1870040893554688, 1.2177830934524536, 1.2492101192474365, 1.2052333354949951, 1.1953496932983398, 1.1952123641967773, 1.251421332359314, 1.23249089717865, 1.2449603080749512, 1.2267255783081055, 1.2605863809585571, 1.2208847999572754, 1.2398601770401, 1.23834228515625, 1.2166194915771484, 1.2307605743408203, 1.2169060707092285, 1.244261384010315, 1.2518028020858765, 1.1783549785614014, 1.191875696182251, 1.1732994318008423, 1.1646515130996704, 1.15749192237854, 1.160108208656311, 1.1713624000549316, 1.1653516292572021], "final_loss": 8.981154441833496, "file_name": "./losses_and_grad_norms/hd100_nh20_nl2_bs16_gc2.5.png"}