{"losses": [10.840907096862793, 10.821505546569824, 10.802306175231934, 10.778085708618164, 10.753096580505371, 10.735827445983887, 10.713278770446777, 10.685078620910645, 10.654631614685059, 10.636577606201172, 10.598183631896973, 10.566977500915527, 10.546759605407715, 10.524347305297852, 10.49747371673584, 10.493449211120605, 10.47095012664795, 10.440462112426758, 10.413885116577148, 10.394572257995605, 10.373740196228027, 10.376036643981934, 10.357344627380371, 10.314279556274414, 10.278651237487793, 10.258130073547363, 10.251811981201172, 10.230698585510254, 10.243278503417969, 10.216275215148926, 10.18619441986084, 10.18311882019043, 10.146222114562988, 10.12319564819336, 10.116641998291016, 10.079202651977539, 10.060595512390137, 10.038095474243164, 10.020835876464844, 10.029833793640137, 9.998509407043457, 9.981307983398438, 9.960794448852539, 9.950311660766602, 9.92193603515625, 9.906041145324707, 9.899606704711914, 9.865477561950684, 9.847495079040527, 9.833013534545898, 9.812579154968262, 9.803085327148438, 9.771815299987793, 9.755973815917969, 9.728888511657715, 9.704839706420898, 9.689529418945312, 9.679655075073242, 9.662160873413086, 9.650729179382324, 9.604476928710938, 9.582188606262207, 9.581073760986328, 9.580414772033691, 9.555901527404785, 9.537810325622559, 9.520853996276855, 9.50403881072998, 9.481837272644043, 9.458561897277832, 9.42745590209961, 9.418853759765625, 9.39344596862793, 9.375062942504883, 9.355269432067871, 9.333708763122559, 9.339558601379395, 9.32456111907959, 9.305190086364746, 9.279268264770508, 9.269015312194824, 9.233301162719727, 9.233600616455078, 9.203073501586914, 9.2029447555542, 9.167539596557617, 9.140411376953125, 9.138737678527832, 9.125283241271973, 9.100397109985352, 9.079497337341309, 9.049246788024902, 9.074444770812988, 9.039326667785645, 9.0236177444458, 9.030712127685547, 8.997215270996094, 8.98746109008789, 8.973451614379883, 8.951642990112305], "grad_norms": [1.5205179452896118, 1.4453133344650269, 1.5436193943023682, 1.5536599159240723, 1.6649585962295532, 1.6115739345550537, 1.6279083490371704, 1.5535938739776611, 1.5281038284301758, 1.4466578960418701, 1.3832788467407227, 1.2801891565322876, 1.2453354597091675, 1.205798864364624, 1.1922287940979004, 1.1605958938598633, 1.3399755954742432, 1.3850045204162598, 1.353959560394287, 1.3472094535827637, 1.312870979309082, 1.2135592699050903, 1.174853801727295, 1.2812023162841797, 1.3754762411117554, 1.3913910388946533, 1.3358713388442993, 1.355576992034912, 1.2044343948364258, 1.2034765481948853, 1.2439254522323608, 1.1766453981399536, 1.2203785181045532, 1.209925651550293, 1.1819566488265991, 1.2320795059204102, 1.2689980268478394, 1.2686208486557007, 1.2224503755569458, 1.148904800415039, 1.18874990940094, 1.1729121208190918, 1.1763861179351807, 1.1476963758468628, 1.1688055992126465, 1.143191933631897, 1.1227493286132812, 1.1693600416183472, 1.1673191785812378, 1.1287678480148315, 1.1558986902236938, 1.134706735610962, 1.1475579738616943, 1.4034620523452759, 1.3774279356002808, 1.4191553592681885, 1.3834993839263916, 1.2397035360336304, 1.2283356189727783, 1.3230582475662231, 1.3982502222061157, 1.4115172624588013, 1.3384891748428345, 1.2117586135864258, 1.1926946640014648, 1.1874810457229614, 1.190497636795044, 1.1778953075408936, 1.1865123510360718, 1.1880638599395752, 1.184705376625061, 1.179919719696045, 1.205782175064087, 1.1878668069839478, 1.221582055091858, 1.2450766563415527, 1.200815200805664, 1.1950383186340332, 1.1953165531158447, 1.2568278312683105, 1.2338958978652954, 1.245603322982788, 1.226625680923462, 1.2619001865386963, 1.2232842445373535, 1.2416526079177856, 1.2378238439559937, 1.2147655487060547, 1.2304316759109497, 1.2157520055770874, 1.2420986890792847, 1.2515312433242798, 1.176032543182373, 1.1924570798873901, 1.1753584146499634, 1.1667873859405518, 1.159043312072754, 1.1618984937667847, 1.1726845502853394, 1.165236473083496], "final_loss": 8.951642990112305, "file_name": "./losses_and_grad_norms/hd100_nh10_nl2_bs16_gc1.5.png"}