{"losses": [10.848349571228027, 10.746801376342773, 10.691425323486328, 10.646415710449219, 10.61306095123291, 10.592809677124023, 10.569854736328125, 10.547088623046875, 10.52509593963623, 10.515518188476562, 10.487204551696777, 10.47025203704834, 10.451815605163574, 10.437577247619629, 10.41944408416748, 10.42839527130127, 10.373663902282715, 10.352875709533691, 10.316771507263184, 10.314926147460938, 10.295403480529785, 10.329562187194824, 10.309149742126465, 10.24702262878418, 10.213622093200684, 10.17827320098877, 10.182968139648438, 10.149867057800293, 10.212930679321289, 10.192627906799316, 10.153700828552246, 10.155871391296387, 10.122084617614746, 10.109292030334473, 10.106163024902344, 10.065918922424316, 10.052300453186035, 10.02763843536377, 10.015625, 10.03475284576416, 9.996264457702637, 9.979836463928223, 9.964280128479004, 9.952024459838867, 9.932034492492676, 9.92380428314209, 9.91644287109375, 9.886347770690918, 9.870728492736816, 9.857772827148438, 9.84385871887207, 9.82805347442627, 9.801124572753906, 9.754621505737305, 9.732416152954102, 9.708776473999023, 9.694803237915039, 9.699843406677246, 9.678290367126465, 9.66395378112793, 9.612129211425781, 9.597210884094238, 9.585494995117188, 9.621808052062988, 9.59388542175293, 9.5816650390625, 9.558740615844727, 9.54641342163086, 9.542675971984863, 9.516376495361328, 9.48332405090332, 9.477381706237793, 9.45567798614502, 9.436234474182129, 9.413246154785156, 9.400528907775879, 9.385904312133789, 9.372344017028809, 9.34919548034668, 9.331705093383789, 9.319135665893555, 9.283543586730957, 9.289558410644531, 9.25427532196045, 9.258270263671875, 9.231637954711914, 9.205154418945312, 9.2057466506958, 9.188343048095703, 9.162250518798828, 9.135998725891113, 9.10857105255127, 9.146663665771484, 9.116837501525879, 9.096647262573242, 9.098224639892578, 9.06969928741455, 9.05752182006836, 9.038185119628906, 9.020217895507812], "grad_norms": [3.0891637802124023, 1.941086769104004, 1.7650315761566162, 1.4299473762512207, 1.3108466863632202, 1.2354369163513184, 1.1848130226135254, 1.1487698554992676, 1.2158194780349731, 1.2216765880584717, 1.2651149034500122, 1.2410106658935547, 1.2164984941482544, 1.2151492834091187, 1.229811429977417, 1.206697702407837, 1.4207206964492798, 1.446760892868042, 1.4606623649597168, 1.599909782409668, 1.576722264289856, 1.4431744813919067, 1.2218056917190552, 1.3680882453918457, 1.4059927463531494, 1.4353166818618774, 1.3673577308654785, 1.3910300731658936, 1.2280609607696533, 1.2205451726913452, 1.2532745599746704, 1.1952590942382812, 1.2349693775177002, 1.2138944864273071, 1.1970611810684204, 1.2451452016830444, 1.2711749076843262, 1.2724263668060303, 1.2283756732940674, 1.15143883228302, 1.1984387636184692, 1.1829560995101929, 1.1828558444976807, 1.1517034769058228, 1.1798797845840454, 1.1832776069641113, 1.1754428148269653, 1.254809021949768, 1.3360962867736816, 1.2841119766235352, 1.248762845993042, 1.213687539100647, 1.2195981740951538, 1.432112693786621, 1.3873172998428345, 1.4469622373580933, 1.4302750825881958, 1.2941701412200928, 1.2579224109649658, 1.3343158960342407, 1.405903697013855, 1.42354416847229, 1.3648850917816162, 1.2542763948440552, 1.205304741859436, 1.1969654560089111, 1.196107268333435, 1.1836501359939575, 1.1805918216705322, 1.1990840435028076, 1.2226048707962036, 1.2440873384475708, 1.2987571954727173, 1.2744938135147095, 1.2726680040359497, 1.2796626091003418, 1.2555721998214722, 1.2190966606140137, 1.2070668935775757, 1.2610491514205933, 1.2413253784179688, 1.252326488494873, 1.2333139181137085, 1.2760347127914429, 1.2527592182159424, 1.2874891757965088, 1.28994619846344, 1.2833915948867798, 1.3027898073196411, 1.2631109952926636, 1.2727203369140625, 1.2868374586105347, 1.221403956413269, 1.223885416984558, 1.1881221532821655, 1.1740907430648804, 1.1644686460494995, 1.1699377298355103, 1.1812914609909058, 1.178525447845459], "final_loss": 9.020217895507812, "file_name": "./losses_and_grad_norms/hd100_nh20_nl10_bs16_gc2.5.png"}