{"losses": [10.847257614135742, 10.82022476196289, 10.794384002685547, 10.772730827331543, 10.742609977722168, 10.716658592224121, 10.686296463012695, 10.657685279846191, 10.623380661010742, 10.598064422607422, 10.564650535583496, 10.537027359008789, 10.513678550720215, 10.492315292358398, 10.465842247009277, 10.455949783325195, 10.425715446472168, 10.39162826538086, 10.373897552490234, 10.345476150512695, 10.33314037322998, 10.347054481506348, 10.328937530517578, 10.28003215789795, 10.236018180847168, 10.220396995544434, 10.216507911682129, 10.182823181152344, 10.220587730407715, 10.197935104370117, 10.173542976379395, 10.167207717895508, 10.133763313293457, 10.118142127990723, 10.105907440185547, 10.060080528259277, 10.045273780822754, 10.017184257507324, 10.005125045776367, 10.023595809936523, 9.989174842834473, 9.975677490234375, 9.956681251525879, 9.944828987121582, 9.920124053955078, 9.903497695922852, 9.894925117492676, 9.855339050292969, 9.843135833740234, 9.838589668273926, 9.813620567321777, 9.79443359375, 9.770214080810547, 9.74312973022461, 9.704957962036133, 9.688268661499023, 9.669590950012207, 9.677688598632812, 9.650602340698242, 9.62662410736084, 9.587471961975098, 9.566954612731934, 9.563552856445312, 9.578714370727539, 9.55862045288086, 9.532085418701172, 9.513501167297363, 9.504913330078125, 9.480162620544434, 9.461082458496094, 9.42963981628418, 9.42070198059082, 9.400972366333008, 9.379892349243164, 9.35936450958252, 9.344027519226074, 9.337076187133789, 9.322697639465332, 9.309656143188477, 9.28406047821045, 9.274256706237793, 9.241338729858398, 9.24526596069336, 9.215982437133789, 9.213391304016113, 9.180209159851074, 9.155644416809082, 9.155418395996094, 9.143158912658691, 9.114299774169922, 9.087554931640625, 9.061902046203613, 9.086472511291504, 9.049467086791992, 9.037300109863281, 9.038870811462402, 9.007932662963867, 8.996439933776855, 8.979700088500977, 8.958503723144531], "grad_norms": [1.6196805238723755, 1.5413192510604858, 1.6461642980575562, 1.7566617727279663, 1.783422589302063, 1.771560788154602, 1.685766577720642, 1.6249241828918457, 1.5180566310882568, 1.4214224815368652, 1.3258167505264282, 1.2751240730285645, 1.2301247119903564, 1.212669849395752, 1.1933404207229614, 1.158996343612671, 1.3905630111694336, 1.4276455640792847, 1.3673945665359497, 1.3578457832336426, 1.315803050994873, 1.2394521236419678, 1.1837811470031738, 1.2989224195480347, 1.3807082176208496, 1.3940373659133911, 1.3397774696350098, 1.3568265438079834, 1.2286148071289062, 1.2288323640823364, 1.2500650882720947, 1.183170199394226, 1.227090835571289, 1.2127599716186523, 1.1863480806350708, 1.2337613105773926, 1.275320053100586, 1.2736760377883911, 1.2256319522857666, 1.150933861732483, 1.1894516944885254, 1.1759331226348877, 1.1778563261032104, 1.1494141817092896, 1.1700724363327026, 1.144307255744934, 1.1245747804641724, 1.1725845336914062, 1.1681195497512817, 1.1309798955917358, 1.1572282314300537, 1.1365100145339966, 1.14906644821167, 1.418990969657898, 1.3857519626617432, 1.4193440675735474, 1.3841099739074707, 1.2416073083877563, 1.2284098863601685, 1.3261696100234985, 1.3981387615203857, 1.4119808673858643, 1.3363186120986938, 1.227845311164856, 1.1994422674179077, 1.1907702684402466, 1.19171142578125, 1.1798256635665894, 1.187113642692566, 1.1882340908050537, 1.1853820085525513, 1.1789324283599854, 1.205161690711975, 1.1883634328842163, 1.219300389289856, 1.2495840787887573, 1.2046785354614258, 1.195794701576233, 1.1956162452697754, 1.250810146331787, 1.2343144416809082, 1.2461591958999634, 1.227489948272705, 1.2613736391067505, 1.2219833135604858, 1.2419135570526123, 1.238217830657959, 1.2154244184494019, 1.2317184209823608, 1.2169787883758545, 1.2439367771148682, 1.25160813331604, 1.1776334047317505, 1.1931884288787842, 1.1748723983764648, 1.1663628816604614, 1.1591227054595947, 1.161823034286499, 1.1728650331497192, 1.1654045581817627], "final_loss": 8.958503723144531, "file_name": "./losses_and_grad_norms/hd100_nh1_nl2_bs16_gc2.5.png"}