{"losses": [10.838271141052246, 10.743734359741211, 10.682170867919922, 10.638140678405762, 10.613924026489258, 10.587770462036133, 10.565205574035645, 10.545793533325195, 10.52011775970459, 10.512263298034668, 10.484789848327637, 10.463522911071777, 10.451576232910156, 10.433012962341309, 10.409525871276855, 10.425151824951172, 10.383221626281738, 10.359759330749512, 10.333954811096191, 10.31028938293457, 10.294914245605469, 10.329110145568848, 10.310757637023926, 10.253836631774902, 10.211061477661133, 10.181497573852539, 10.196894645690918, 10.15272045135498, 10.207684516906738, 10.173720359802246, 10.145218849182129, 10.148032188415527, 10.108689308166504, 10.09635066986084, 10.083694458007812, 10.045883178710938, 10.035052299499512, 10.01089096069336, 9.996506690979004, 10.010409355163574, 9.971475601196289, 9.967733383178711, 9.94641399383545, 9.941716194152832, 9.913651466369629, 9.906082153320312, 9.901630401611328, 9.865253448486328, 9.845560073852539, 9.836874961853027, 9.82921028137207, 9.811846733093262, 9.78432846069336, 9.749585151672363, 9.71976089477539, 9.692601203918457, 9.671327590942383, 9.678421974182129, 9.652392387390137, 9.646312713623047, 9.599700927734375, 9.577768325805664, 9.583049774169922, 9.58562183380127, 9.564224243164062, 9.543797492980957, 9.52872371673584, 9.524083137512207, 9.521326065063477, 9.495635032653809, 9.464715957641602, 9.460775375366211, 9.432114601135254, 9.414127349853516, 9.391706466674805, 9.372702598571777, 9.354755401611328, 9.33592414855957, 9.322999000549316, 9.29533863067627, 9.291481018066406, 9.259893417358398, 9.262892723083496, 9.227120399475098, 9.231679916381836, 9.202802658081055, 9.175540924072266, 9.17540168762207, 9.16081428527832, 9.133366584777832, 9.111611366271973, 9.081700325012207, 9.122891426086426, 9.088655471801758, 9.075852394104004, 9.08068561553955, 9.05224895477295, 9.045764923095703, 9.02430534362793, 9.000571250915527], "grad_norms": [3.170987844467163, 1.8802289962768555, 1.5205563306808472, 1.4103937149047852, 1.3695412874221802, 1.2613340616226196, 1.168503999710083, 1.1502338647842407, 1.1711071729660034, 1.2008204460144043, 1.2089864015579224, 1.1965633630752563, 1.2117854356765747, 1.2113182544708252, 1.213428020477295, 1.1849300861358643, 1.4139076471328735, 1.4100744724273682, 1.3818731307983398, 1.404704213142395, 1.4236780405044556, 1.544785976409912, 1.3379218578338623, 1.4054036140441895, 1.4560561180114746, 1.5659205913543701, 1.4716664552688599, 1.5188415050506592, 1.2922718524932861, 1.2258871793746948, 1.2529950141906738, 1.1837847232818604, 1.2290589809417725, 1.211452841758728, 1.1899940967559814, 1.2451950311660767, 1.281412124633789, 1.2716610431671143, 1.230893850326538, 1.1521918773651123, 1.192754864692688, 1.1788063049316406, 1.184191107749939, 1.1607919931411743, 1.1884266138076782, 1.156765103340149, 1.1297231912612915, 1.174827218055725, 1.210976004600525, 1.344730257987976, 1.3896909952163696, 1.3337326049804688, 1.3020235300064087, 1.5223302841186523, 1.4323068857192993, 1.4651089906692505, 1.4373854398727417, 1.2775713205337524, 1.2392981052398682, 1.3344396352767944, 1.4246830940246582, 1.4702935218811035, 1.3871335983276367, 1.3244866132736206, 1.2549030780792236, 1.2149786949157715, 1.2126349210739136, 1.1938825845718384, 1.2229489088058472, 1.2385804653167725, 1.236433744430542, 1.2299156188964844, 1.233493447303772, 1.2064570188522339, 1.2330719232559204, 1.2550384998321533, 1.2315930128097534, 1.2283604145050049, 1.2214802503585815, 1.27091646194458, 1.2440645694732666, 1.2700055837631226, 1.2492059469223022, 1.2701700925827026, 1.2241463661193848, 1.2390153408050537, 1.2363574504852295, 1.2132092714309692, 1.2313525676727295, 1.2131612300872803, 1.240069031715393, 1.2519856691360474, 1.1825731992721558, 1.2061715126037598, 1.193921446800232, 1.1774053573608398, 1.1714277267456055, 1.172048807144165, 1.183467984199524, 1.178212285041809], "final_loss": 9.000571250915527, "file_name": "./losses_and_grad_norms/hd100_nh1_nl10_bs16_gc1.5.png"}