{"losses": [10.83327579498291, 10.751187324523926, 10.68539047241211, 10.64384937286377, 10.6142578125, 10.60128116607666, 10.58014965057373, 10.562328338623047, 10.541204452514648, 10.524584770202637, 10.503135681152344, 10.489473342895508, 10.470513343811035, 10.452072143554688, 10.433544158935547, 10.4331636428833, 10.400818824768066, 10.376153945922852, 10.345512390136719, 10.335588455200195, 10.317841529846191, 10.342093467712402, 10.323639869689941, 10.271615982055664, 10.240677833557129, 10.217671394348145, 10.220148086547852, 10.192310333251953, 10.23039436340332, 10.210711479187012, 10.181658744812012, 10.182624816894531, 10.144550323486328, 10.133355140686035, 10.119657516479492, 10.086811065673828, 10.06889820098877, 10.044836044311523, 10.0352144241333, 10.044914245605469, 10.011907577514648, 9.995054244995117, 9.978536605834961, 9.965932846069336, 9.940940856933594, 9.928645133972168, 9.927203178405762, 9.895018577575684, 9.866207122802734, 9.860384941101074, 9.849807739257812, 9.827032089233398, 9.803194999694824, 9.776629447937012, 9.759956359863281, 9.73923110961914, 9.713052749633789, 9.711845397949219, 9.689472198486328, 9.681608200073242, 9.637725830078125, 9.628938674926758, 9.617473602294922, 9.625126838684082, 9.594330787658691, 9.57637882232666, 9.54954719543457, 9.543436050415039, 9.537687301635742, 9.512072563171387, 9.477987289428711, 9.469934463500977, 9.449357986450195, 9.431802749633789, 9.403411865234375, 9.391127586364746, 9.374917030334473, 9.356766700744629, 9.338397979736328, 9.332364082336426, 9.323169708251953, 9.291630744934082, 9.295567512512207, 9.263318061828613, 9.26272964477539, 9.2330322265625, 9.205448150634766, 9.20911979675293, 9.192086219787598, 9.159757614135742, 9.14726448059082, 9.115995407104492, 9.143933296203613, 9.108468055725098, 9.089487075805664, 9.095998764038086, 9.066093444824219, 9.055461883544922, 9.036541938781738, 9.01077651977539], "grad_norms": [2.7494263648986816, 1.6637310981750488, 1.382431149482727, 1.2921092510223389, 1.2852518558502197, 1.355938196182251, 1.291316270828247, 1.2554303407669067, 1.2424894571304321, 1.1999882459640503, 1.2270045280456543, 1.2497894763946533, 1.2512502670288086, 1.2201261520385742, 1.2148860692977905, 1.173643946647644, 1.4108961820602417, 1.39766263961792, 1.3662006855010986, 1.3917105197906494, 1.3841798305511475, 1.4257805347442627, 1.252305269241333, 1.3818961381912231, 1.3995660543441772, 1.436288595199585, 1.375961422920227, 1.4298717975616455, 1.2628247737884521, 1.2234365940093994, 1.2625271081924438, 1.216178059577942, 1.2804445028305054, 1.2533936500549316, 1.216230034828186, 1.2946181297302246, 1.3383442163467407, 1.3477305173873901, 1.3405970335006714, 1.2115485668182373, 1.2378429174423218, 1.241990566253662, 1.241026520729065, 1.1983052492141724, 1.2079706192016602, 1.1906384229660034, 1.1728806495666504, 1.2236906290054321, 1.24168062210083, 1.1981269121170044, 1.199042797088623, 1.1701207160949707, 1.1949044466018677, 1.5024365186691284, 1.4100252389907837, 1.4322794675827026, 1.3936132192611694, 1.2539587020874023, 1.244734287261963, 1.3453737497329712, 1.418654203414917, 1.4416142702102661, 1.3678839206695557, 1.2340041399002075, 1.1990365982055664, 1.1918214559555054, 1.210997223854065, 1.1996886730194092, 1.2115124464035034, 1.2350380420684814, 1.2910486459732056, 1.2903971672058105, 1.2865934371948242, 1.2376618385314941, 1.252404808998108, 1.3047462701797485, 1.2890517711639404, 1.2903614044189453, 1.2922922372817993, 1.3344427347183228, 1.374370813369751, 1.3629716634750366, 1.328753113746643, 1.3442769050598145, 1.2799444198608398, 1.2826249599456787, 1.2776392698287964, 1.2575031518936157, 1.2798857688903809, 1.2525278329849243, 1.2824805974960327, 1.2969856262207031, 1.238934874534607, 1.2556968927383423, 1.2210510969161987, 1.195021390914917, 1.1822973489761353, 1.1785147190093994, 1.1860949993133545, 1.175523042678833], "final_loss": 9.01077651977539, "file_name": "./losses_and_grad_norms/hd100_nh5_nl10_bs16_gc1.png"}