{"losses": [10.832784652709961, 10.819189071655273, 10.799755096435547, 10.77303409576416, 10.746582984924316, 10.726511001586914, 10.701526641845703, 10.674762725830078, 10.646520614624023, 10.613311767578125, 10.585786819458008, 10.554316520690918, 10.534978866577148, 10.515029907226562, 10.48251724243164, 10.473162651062012, 10.451281547546387, 10.432866096496582, 10.410783767700195, 10.38611888885498, 10.370505332946777, 10.357290267944336, 10.34108829498291, 10.3110933303833, 10.286510467529297, 10.260821342468262, 10.262701034545898, 10.219863891601562, 10.227521896362305, 10.212831497192383, 10.191239356994629, 10.183422088623047, 10.144281387329102, 10.131173133850098, 10.121672630310059, 10.069716453552246, 10.054302215576172, 10.032084465026855, 10.02124309539795, 10.029296875, 9.995394706726074, 9.982983589172363, 9.964595794677734, 9.948221206665039, 9.928261756896973, 9.913569450378418, 9.907254219055176, 9.866922378540039, 9.852206230163574, 9.832507133483887, 9.82336711883545, 9.80107593536377, 9.779199600219727, 9.749551773071289, 9.727775573730469, 9.700129508972168, 9.68496036529541, 9.6699857711792, 9.648092269897461, 9.64280891418457, 9.607831954956055, 9.586390495300293, 9.586338996887207, 9.566323280334473, 9.54310131072998, 9.523061752319336, 9.502973556518555, 9.507940292358398, 9.498269081115723, 9.477375030517578, 9.447936058044434, 9.438223838806152, 9.415684700012207, 9.389533996582031, 9.369267463684082, 9.33851146697998, 9.317766189575195, 9.298948287963867, 9.286795616149902, 9.276395797729492, 9.271278381347656, 9.243487358093262, 9.244985580444336, 9.211628913879395, 9.20871639251709, 9.179608345031738, 9.153641700744629, 9.156332015991211, 9.13646125793457, 9.109451293945312, 9.090963363647461, 9.061936378479004, 9.092857360839844, 9.061714172363281, 9.04915714263916, 9.048937797546387, 9.015218734741211, 9.004524230957031, 8.98824691772461, 8.958503723144531], "grad_norms": [1.6357773542404175, 1.4104193449020386, 1.4482301473617554, 1.5213180780410767, 1.526947259902954, 1.4938547611236572, 1.4308189153671265, 1.3537055253982544, 1.2906650304794312, 1.3160768747329712, 1.2430411577224731, 1.1992522478103638, 1.1798324584960938, 1.1604194641113281, 1.1600935459136963, 1.1411888599395752, 1.3330432176589966, 1.380034327507019, 1.343689203262329, 1.334949254989624, 1.306687831878662, 1.2100629806518555, 1.168879508972168, 1.284711241722107, 1.3640867471694946, 1.3893474340438843, 1.334405779838562, 1.3535691499710083, 1.202050805091858, 1.2061876058578491, 1.23878812789917, 1.1741080284118652, 1.220152735710144, 1.2057769298553467, 1.181665062904358, 1.2309545278549194, 1.2691586017608643, 1.2659169435501099, 1.2218708992004395, 1.1455169916152954, 1.18596613407135, 1.1711676120758057, 1.1741702556610107, 1.1448849439620972, 1.1667274236679077, 1.1411044597625732, 1.1197922229766846, 1.1671874523162842, 1.1648297309875488, 1.1260408163070679, 1.154166579246521, 1.1355793476104736, 1.1465624570846558, 1.4313580989837646, 1.3911436796188354, 1.418127417564392, 1.3777885437011719, 1.237082600593567, 1.2258450984954834, 1.3215829133987427, 1.3956804275512695, 1.4087785482406616, 1.3355963230133057, 1.2162367105484009, 1.192117691040039, 1.1903492212295532, 1.1925932168960571, 1.180620551109314, 1.1816436052322388, 1.1835426092147827, 1.181067943572998, 1.1763050556182861, 1.2020853757858276, 1.1860511302947998, 1.2168771028518677, 1.2488696575164795, 1.19985830783844, 1.194962978363037, 1.1982289552688599, 1.252211332321167, 1.234276533126831, 1.245608925819397, 1.2295604944229126, 1.2650514841079712, 1.2231606245040894, 1.2431720495224, 1.2424713373184204, 1.219075322151184, 1.2328683137893677, 1.2160176038742065, 1.242837905883789, 1.2517489194869995, 1.1775851249694824, 1.1910076141357422, 1.1741105318069458, 1.1670467853546143, 1.1608223915100098, 1.1646859645843506, 1.175942301750183, 1.167396903038025], "final_loss": 8.958503723144531, "file_name": "./losses_and_grad_norms/hd100_nh10_nl2_bs16_gc1.png"}