{"losses": [10.854004859924316, 10.768993377685547, 10.697172164916992, 10.647071838378906, 10.611319541931152, 10.58637523651123, 10.556014060974121, 10.54621410369873, 10.519500732421875, 10.513201713562012, 10.48772144317627, 10.469644546508789, 10.454438209533691, 10.43781566619873, 10.413105010986328, 10.416269302368164, 10.375225067138672, 10.340479850769043, 10.320074081420898, 10.308317184448242, 10.291581153869629, 10.320906639099121, 10.299633026123047, 10.24008560180664, 10.199167251586914, 10.176409721374512, 10.173896789550781, 10.144183158874512, 10.204180717468262, 10.191916465759277, 10.154805183410645, 10.153783798217773, 10.122157096862793, 10.105522155761719, 10.099263191223145, 10.054986953735352, 10.042462348937988, 10.010702133178711, 10.00536823272705, 10.020872116088867, 9.986859321594238, 9.973268508911133, 9.949816703796387, 9.938883781433105, 9.914876937866211, 9.909876823425293, 9.898039817810059, 9.854935646057129, 9.846182823181152, 9.833127975463867, 9.809757232666016, 9.79438304901123, 9.767379760742188, 9.741199493408203, 9.71418285369873, 9.684433937072754, 9.673650741577148, 9.678163528442383, 9.655987739562988, 9.631023406982422, 9.5865478515625, 9.57008171081543, 9.5679349899292, 9.589226722717285, 9.565051078796387, 9.539285659790039, 9.513165473937988, 9.512428283691406, 9.496236801147461, 9.46357250213623, 9.441225051879883, 9.42695140838623, 9.406774520874023, 9.389410018920898, 9.374281883239746, 9.345602989196777, 9.342063903808594, 9.329029083251953, 9.305663108825684, 9.30219554901123, 9.291788101196289, 9.258768081665039, 9.260801315307617, 9.222338676452637, 9.230448722839355, 9.197452545166016, 9.168354988098145, 9.17020320892334, 9.154566764831543, 9.12741756439209, 9.107911109924316, 9.081239700317383, 9.100645065307617, 9.071699142456055, 9.053001403808594, 9.056314468383789, 9.023260116577148, 9.004307746887207, 8.995899200439453, 8.965526580810547], "grad_norms": [2.9089701175689697, 2.134660482406616, 1.7027677297592163, 1.4499077796936035, 1.397364854812622, 1.298357367515564, 1.204683542251587, 1.1880806684494019, 1.1916611194610596, 1.190564751625061, 1.2009358406066895, 1.1979219913482666, 1.1938848495483398, 1.2004038095474243, 1.2025704383850098, 1.2244038581848145, 1.4000792503356934, 1.4332354068756104, 1.4555772542953491, 1.6004023551940918, 1.5207411050796509, 1.31973135471344, 1.1888524293899536, 1.3562108278274536, 1.3854939937591553, 1.4148486852645874, 1.3555084466934204, 1.376640796661377, 1.2468516826629639, 1.224112629890442, 1.2480666637420654, 1.1814591884613037, 1.2291120290756226, 1.2161178588867188, 1.1931231021881104, 1.2441099882125854, 1.2914421558380127, 1.2814308404922485, 1.2302663326263428, 1.1673275232315063, 1.2262744903564453, 1.2369639873504639, 1.259674310684204, 1.2463164329528809, 1.353174090385437, 1.3483349084854126, 1.2902113199234009, 1.2829045057296753, 1.2449862957000732, 1.1732399463653564, 1.1599469184875488, 1.1385284662246704, 1.1605913639068604, 1.4575961828231812, 1.4365946054458618, 1.5021693706512451, 1.4686682224273682, 1.2882733345031738, 1.2474370002746582, 1.3387982845306396, 1.4142690896987915, 1.4268633127212524, 1.369768738746643, 1.2444109916687012, 1.2038499116897583, 1.1963783502578735, 1.206113576889038, 1.1903276443481445, 1.1889855861663818, 1.1963045597076416, 1.1993387937545776, 1.2191755771636963, 1.2572954893112183, 1.2454603910446167, 1.2697491645812988, 1.3196555376052856, 1.2916374206542969, 1.2588876485824585, 1.2694470882415771, 1.3360861539840698, 1.2915632724761963, 1.2750979661941528, 1.24882972240448, 1.2672193050384521, 1.2252333164215088, 1.2494959831237793, 1.263018012046814, 1.2537970542907715, 1.2617721557617188, 1.245678186416626, 1.2813295125961304, 1.2806845903396606, 1.2627227306365967, 1.294764757156372, 1.2663990259170532, 1.2142066955566406, 1.1830412149429321, 1.1847935914993286, 1.1837407350540161, 1.1744393110275269], "final_loss": 8.965526580810547, "file_name": "./losses_and_grad_norms/hd100_nh5_nl10_bs16_gc1.5.png"}