{"losses": [10.84985637664795, 10.830062866210938, 10.816027641296387, 10.810918807983398, 10.800644874572754, 10.792572975158691, 10.771817207336426, 10.756813049316406, 10.74002456665039, 10.728795051574707, 10.70644760131836, 10.675063133239746, 10.654897689819336, 10.62755298614502, 10.594120025634766, 10.578094482421875, 10.54555606842041, 10.51656436920166, 10.484278678894043, 10.444928169250488, 10.42745590209961, 10.41134262084961, 10.393638610839844, 10.35173511505127, 10.31811237335205, 10.295376777648926, 10.289728164672852, 10.251677513122559, 10.2538480758667, 10.22945785522461, 10.204651832580566, 10.190735816955566, 10.155172348022461, 10.133689880371094, 10.126060485839844, 10.077454566955566, 10.070096969604492, 10.046591758728027, 10.031167030334473, 10.035666465759277, 10.000591278076172, 9.986599922180176, 9.958695411682129, 9.947195053100586, 9.921603202819824, 9.910565376281738, 9.899480819702148, 9.864377975463867, 9.847250938415527, 9.83165454864502, 9.819640159606934, 9.79443645477295, 9.772198677062988, 9.748250961303711, 9.727948188781738, 9.700667381286621, 9.668351173400879, 9.661612510681152, 9.632208824157715, 9.625423431396484, 9.587311744689941, 9.563141822814941, 9.555514335632324, 9.5479097366333, 9.525132179260254, 9.493502616882324, 9.476285934448242, 9.479503631591797, 9.462806701660156, 9.441068649291992, 9.405689239501953, 9.39703369140625, 9.37746810913086, 9.347386360168457, 9.331353187561035, 9.309979438781738, 9.28457260131836, 9.266571044921875, 9.255513191223145, 9.232078552246094, 9.217741966247559, 9.187618255615234, 9.193239212036133, 9.155611991882324, 9.160409927368164, 9.124371528625488, 9.095836639404297, 9.101672172546387, 9.0803861618042, 9.048909187316895, 9.032929420471191, 9.002944946289062, 9.035205841064453, 9.004097938537598, 8.992664337158203, 8.992112159729004, 8.961233139038086, 8.945173263549805, 8.929158210754395, 8.903719902038574], "grad_norms": [1.157319188117981, 1.0672441720962524, 1.1106258630752563, 1.1059688329696655, 1.1252361536026, 1.183244228363037, 1.216415524482727, 1.2294758558273315, 1.3305996656417847, 1.4236952066421509, 1.5065279006958008, 1.5210016965866089, 1.5631908178329468, 1.5480468273162842, 1.4800474643707275, 1.4398021697998047, 1.5227088928222656, 1.528339147567749, 1.4738478660583496, 1.411048173904419, 1.367228627204895, 1.2276313304901123, 1.1853286027908325, 1.283958077430725, 1.3581396341323853, 1.377563714981079, 1.323646068572998, 1.3422740697860718, 1.1777431964874268, 1.2040692567825317, 1.2419965267181396, 1.174633502960205, 1.2198271751403809, 1.2050107717514038, 1.1809316873550415, 1.2253097295761108, 1.2702207565307617, 1.2671067714691162, 1.2207990884780884, 1.1435006856918335, 1.1854969263076782, 1.172594428062439, 1.1740057468414307, 1.1464762687683105, 1.166448950767517, 1.1421760320663452, 1.122849702835083, 1.1704751253128052, 1.1671316623687744, 1.1283679008483887, 1.1548616886138916, 1.1352583169937134, 1.1474775075912476, 1.4004029035568237, 1.3791894912719727, 1.4190092086791992, 1.3842986822128296, 1.2302409410476685, 1.2286858558654785, 1.3230310678482056, 1.3981517553329468, 1.41348397731781, 1.3369430303573608, 1.2050443887710571, 1.194636344909668, 1.190524697303772, 1.1932097673416138, 1.1772541999816895, 1.189250111579895, 1.1903399229049683, 1.1863396167755127, 1.1821259260177612, 1.2061092853546143, 1.190019130706787, 1.2195570468902588, 1.2497406005859375, 1.1997660398483276, 1.1955167055130005, 1.1962319612503052, 1.251081943511963, 1.235735297203064, 1.2470614910125732, 1.2281821966171265, 1.2630696296691895, 1.2223128080368042, 1.2419040203094482, 1.2389228343963623, 1.2162600755691528, 1.2314568758010864, 1.217432975769043, 1.2434666156768799, 1.252001166343689, 1.1789478063583374, 1.1954307556152344, 1.1761634349822998, 1.1668871641159058, 1.1593048572540283, 1.1626007556915283, 1.1728854179382324, 1.1651002168655396], "final_loss": 8.903719902038574, "file_name": "./losses_and_grad_norms/hd100_nh5_nl1_bs16_gc2.5.png"}