{"losses": [10.851027488708496, 10.83269214630127, 10.820638656616211, 10.805154800415039, 10.799631118774414, 10.78458023071289, 10.768645286560059, 10.752578735351562, 10.732196807861328, 10.721522331237793, 10.691027641296387, 10.664064407348633, 10.639422416687012, 10.616742134094238, 10.576436042785645, 10.554837226867676, 10.531584739685059, 10.492998123168945, 10.461285591125488, 10.426247596740723, 10.389859199523926, 10.374394416809082, 10.353899955749512, 10.306882858276367, 10.271833419799805, 10.245108604431152, 10.240345001220703, 10.201865196228027, 10.206595420837402, 10.195317268371582, 10.162073135375977, 10.148310661315918, 10.112089157104492, 10.091867446899414, 10.074896812438965, 10.0316801071167, 10.012659072875977, 9.981940269470215, 9.96695327758789, 9.972945213317871, 9.941465377807617, 9.92180061340332, 9.89871883392334, 9.8800048828125, 9.855428695678711, 9.841689109802246, 9.833561897277832, 9.797412872314453, 9.772745132446289, 9.757831573486328, 9.74152660369873, 9.72205638885498, 9.692300796508789, 9.662240982055664, 9.64310073852539, 9.61927604675293, 9.591407775878906, 9.587779998779297, 9.565749168395996, 9.549076080322266, 9.511453628540039, 9.490700721740723, 9.481813430786133, 9.481759071350098, 9.45706558227539, 9.435169219970703, 9.412620544433594, 9.407170295715332, 9.401519775390625, 9.367395401000977, 9.337300300598145, 9.327059745788574, 9.302353858947754, 9.277830123901367, 9.257027626037598, 9.234269142150879, 9.218526840209961, 9.204919815063477, 9.191595077514648, 9.171892166137695, 9.161993026733398, 9.132288932800293, 9.135766983032227, 9.100003242492676, 9.101752281188965, 9.065794944763184, 9.037881851196289, 9.041765213012695, 9.02595043182373, 8.985239028930664, 8.972291946411133, 8.947491645812988, 8.965709686279297, 8.937031745910645, 8.9144868850708, 8.91905403137207, 8.89172649383545, 8.871234893798828, 8.857595443725586, 8.832545280456543], "grad_norms": [1.364906668663025, 1.2526819705963135, 1.2790318727493286, 1.2989710569381714, 1.3388930559158325, 1.3370038270950317, 1.3943482637405396, 1.4318712949752808, 1.5369536876678467, 1.566448450088501, 1.6170011758804321, 1.6707382202148438, 1.642806887626648, 1.666131854057312, 1.6011416912078857, 1.5708974599838257, 1.6373088359832764, 1.6235219240188599, 1.5365502834320068, 1.4786001443862915, 1.4144432544708252, 1.2557955980300903, 1.204355001449585, 1.3047568798065186, 1.3751733303070068, 1.3902769088745117, 1.3359344005584717, 1.3539692163467407, 1.1812875270843506, 1.2013806104660034, 1.2466611862182617, 1.1784318685531616, 1.2221972942352295, 1.209952712059021, 1.1854209899902344, 1.2297382354736328, 1.2659046649932861, 1.2701613903045654, 1.2232261896133423, 1.1476771831512451, 1.1881816387176514, 1.176646113395691, 1.1785768270492554, 1.1498448848724365, 1.1704745292663574, 1.1472141742706299, 1.1265336275100708, 1.174487829208374, 1.1701760292053223, 1.1333825588226318, 1.1580650806427002, 1.139974594116211, 1.151800274848938, 1.4064980745315552, 1.3855173587799072, 1.4271718263626099, 1.3888150453567505, 1.2330306768417358, 1.231661081314087, 1.3275177478790283, 1.4019060134887695, 1.4174115657806396, 1.3416165113449097, 1.2094985246658325, 1.1977548599243164, 1.1941165924072266, 1.1957294940948486, 1.1806840896606445, 1.1940497159957886, 1.1948298215866089, 1.1901673078536987, 1.1857624053955078, 1.2101408243179321, 1.1933728456497192, 1.2241878509521484, 1.2521647214889526, 1.201188087463379, 1.199019432067871, 1.1984689235687256, 1.2528449296951294, 1.2377829551696777, 1.2496980428695679, 1.2310765981674194, 1.2655723094940186, 1.2252202033996582, 1.2446110248565674, 1.241140604019165, 1.2188738584518433, 1.233705759048462, 1.220030665397644, 1.2455828189849854, 1.2544533014297485, 1.1809921264648438, 1.1987024545669556, 1.1785862445831299, 1.1695410013198853, 1.1615937948226929, 1.1654253005981445, 1.1759350299835205, 1.1666351556777954], "final_loss": 8.832545280456543, "file_name": "./losses_and_grad_norms/hd100_nh5_nl1_bs16_gc1.png"}