{"losses": [10.839259147644043, 10.822829246520996, 10.806451797485352, 10.797952651977539, 10.786985397338867, 10.77493667602539, 10.756850242614746, 10.738692283630371, 10.71977710723877, 10.706914901733398, 10.679449081420898, 10.648837089538574, 10.627128601074219, 10.596254348754883, 10.559730529785156, 10.559109687805176, 10.509714126586914, 10.466970443725586, 10.431991577148438, 10.409215927124023, 10.39000415802002, 10.404745101928711, 10.384209632873535, 10.31334114074707, 10.281764030456543, 10.24565601348877, 10.242330551147461, 10.21469497680664, 10.252570152282715, 10.230744361877441, 10.197408676147461, 10.19086742401123, 10.157798767089844, 10.137666702270508, 10.127029418945312, 10.083799362182617, 10.064422607421875, 10.029999732971191, 10.021793365478516, 10.040392875671387, 9.99550724029541, 9.9825439453125, 9.962386131286621, 9.953094482421875, 9.922969818115234, 9.910240173339844, 9.903491020202637, 9.869305610656738, 9.846628189086914, 9.83852481842041, 9.815045356750488, 9.796191215515137, 9.770286560058594, 9.724982261657715, 9.695088386535645, 9.669865608215332, 9.653337478637695, 9.66069507598877, 9.636791229248047, 9.612482070922852, 9.567687034606934, 9.548661231994629, 9.53593921661377, 9.565532684326172, 9.54097843170166, 9.515535354614258, 9.496929168701172, 9.485711097717285, 9.470152854919434, 9.447007179260254, 9.415668487548828, 9.40180778503418, 9.384605407714844, 9.355738639831543, 9.341815948486328, 9.309579849243164, 9.303653717041016, 9.293492317199707, 9.275423049926758, 9.254783630371094, 9.246289253234863, 9.211289405822754, 9.215523719787598, 9.178930282592773, 9.175586700439453, 9.143566131591797, 9.117359161376953, 9.122188568115234, 9.1039457321167, 9.073221206665039, 9.045042037963867, 9.0284423828125, 9.049930572509766, 9.018088340759277, 9.000274658203125, 8.99930477142334, 8.9681978225708, 8.953192710876465, 8.943682670593262, 8.920575141906738], "grad_norms": [1.1733145713806152, 1.1028523445129395, 1.16824471950531, 1.1946675777435303, 1.2542551755905151, 1.2469373941421509, 1.2715266942977905, 1.309648036956787, 1.382646918296814, 1.4087828397750854, 1.4729303121566772, 1.4553775787353516, 1.4699760675430298, 1.4622673988342285, 1.4105168581008911, 1.3424333333969116, 1.4810501337051392, 1.4933104515075684, 1.4253469705581665, 1.401796579360962, 1.3473596572875977, 1.225012183189392, 1.1835259199142456, 1.2869831323623657, 1.3642122745513916, 1.388245940208435, 1.335997462272644, 1.3512475490570068, 1.1846776008605957, 1.2014663219451904, 1.2387980222702026, 1.1789941787719727, 1.2190523147583008, 1.2086310386657715, 1.1821831464767456, 1.2288933992385864, 1.270019769668579, 1.271997332572937, 1.222643494606018, 1.1477036476135254, 1.187016487121582, 1.1747839450836182, 1.177322268486023, 1.148381233215332, 1.169730305671692, 1.1432113647460938, 1.1262046098709106, 1.172959566116333, 1.1684799194335938, 1.1303775310516357, 1.1580312252044678, 1.1388540267944336, 1.1500723361968994, 1.4078289270401, 1.3832900524139404, 1.4254204034805298, 1.3874118328094482, 1.2332488298416138, 1.2322640419006348, 1.3260715007781982, 1.4011443853378296, 1.4157812595367432, 1.3408410549163818, 1.2091331481933594, 1.1970386505126953, 1.1955798864364624, 1.1967527866363525, 1.182700753211975, 1.1965066194534302, 1.1952296495437622, 1.190152645111084, 1.1854957342147827, 1.2087544202804565, 1.1929134130477905, 1.221634864807129, 1.255014181137085, 1.2058098316192627, 1.1999027729034424, 1.1969590187072754, 1.2520716190338135, 1.236054539680481, 1.2489479780197144, 1.2297966480255127, 1.263131022453308, 1.223602533340454, 1.2420294284820557, 1.2396090030670166, 1.2172349691390991, 1.2323421239852905, 1.2184431552886963, 1.244720697402954, 1.2528634071350098, 1.1776742935180664, 1.1977375745773315, 1.1777534484863281, 1.1684781312942505, 1.1609890460968018, 1.1641221046447754, 1.1744136810302734, 1.1659871339797974], "final_loss": 8.920575141906738, "file_name": "./losses_and_grad_norms/hd100_nh20_nl1_bs16_gc1.5.png"}