{"losses": [10.83176326751709, 10.824413299560547, 10.807816505432129, 10.796570777893066, 10.782989501953125, 10.775476455688477, 10.757493019104004, 10.74422836303711, 10.727802276611328, 10.712276458740234, 10.687580108642578, 10.650476455688477, 10.623722076416016, 10.60082721710205, 10.56697940826416, 10.5542573928833, 10.51883316040039, 10.491562843322754, 10.456530570983887, 10.433988571166992, 10.402501106262207, 10.39128303527832, 10.368485450744629, 10.324674606323242, 10.302149772644043, 10.2695894241333, 10.259249687194824, 10.233784675598145, 10.240715980529785, 10.221505165100098, 10.181051254272461, 10.178548812866211, 10.14117431640625, 10.122766494750977, 10.108894348144531, 10.066572189331055, 10.055700302124023, 10.035816192626953, 10.012238502502441, 10.01516056060791, 9.985243797302246, 9.962747573852539, 9.94436264038086, 9.932951927185059, 9.912384986877441, 9.893579483032227, 9.889958381652832, 9.853964805603027, 9.827345848083496, 9.815447807312012, 9.807321548461914, 9.780794143676758, 9.754294395446777, 9.73430061340332, 9.712495803833008, 9.682374000549316, 9.666525840759277, 9.645729064941406, 9.619895935058594, 9.614461898803711, 9.577733039855957, 9.555996894836426, 9.541533470153809, 9.54238510131836, 9.52140998840332, 9.503252029418945, 9.482803344726562, 9.475260734558105, 9.461883544921875, 9.437725067138672, 9.405909538269043, 9.397944450378418, 9.376008987426758, 9.350541114807129, 9.328290939331055, 9.305487632751465, 9.284310340881348, 9.271339416503906, 9.259556770324707, 9.236217498779297, 9.219700813293457, 9.191767692565918, 9.187267303466797, 9.165144920349121, 9.15584659576416, 9.124983787536621, 9.099181175231934, 9.100957870483398, 9.081384658813477, 9.05142879486084, 9.033931732177734, 9.002276420593262, 9.037485122680664, 9.008301734924316, 8.984700202941895, 8.991430282592773, 8.965292930603027, 8.953603744506836, 8.942774772644043, 8.912495613098145], "grad_norms": [1.1313674449920654, 1.0590999126434326, 1.092960000038147, 1.111591100692749, 1.1483678817749023, 1.1607097387313843, 1.21501624584198, 1.2788267135620117, 1.332324743270874, 1.4588311910629272, 1.4835290908813477, 1.51578688621521, 1.5024123191833496, 1.4778798818588257, 1.4467546939849854, 1.3309673070907593, 1.4538100957870483, 1.460701823234558, 1.4294190406799316, 1.4022164344787598, 1.3494137525558472, 1.218767762184143, 1.1865034103393555, 1.283246397972107, 1.362593173980713, 1.3885014057159424, 1.3302819728851318, 1.348443627357483, 1.188762903213501, 1.2053046226501465, 1.2403768301010132, 1.179099202156067, 1.2217605113983154, 1.2063343524932861, 1.182092547416687, 1.2264481782913208, 1.2674273252487183, 1.2690582275390625, 1.2214914560317993, 1.144504427909851, 1.1856473684310913, 1.1723308563232422, 1.1768046617507935, 1.1473246812820435, 1.1681627035140991, 1.1427769660949707, 1.1220585107803345, 1.1704691648483276, 1.1676448583602905, 1.1304067373275757, 1.1561274528503418, 1.136195421218872, 1.1488312482833862, 1.405155062675476, 1.3845174312591553, 1.4227584600448608, 1.3870348930358887, 1.2342803478240967, 1.2306466102600098, 1.3256503343582153, 1.400346279144287, 1.4154393672943115, 1.3392481803894043, 1.212641954421997, 1.1996374130249023, 1.1935304403305054, 1.1951754093170166, 1.1780385971069336, 1.1915321350097656, 1.1921398639678955, 1.1875817775726318, 1.1832681894302368, 1.2075471878051758, 1.1903222799301147, 1.2214101552963257, 1.2497520446777344, 1.203477382659912, 1.1996592283248901, 1.1969362497329712, 1.2497470378875732, 1.2355855703353882, 1.2474322319030762, 1.228415846824646, 1.26313316822052, 1.2228221893310547, 1.2414824962615967, 1.2389676570892334, 1.2167680263519287, 1.2318304777145386, 1.2177485227584839, 1.243656039237976, 1.2524418830871582, 1.1770262718200684, 1.1964939832687378, 1.1767089366912842, 1.1673988103866577, 1.15961492061615, 1.1632274389266968, 1.1732628345489502, 1.1645808219909668], "final_loss": 8.912495613098145, "file_name": "./losses_and_grad_norms/hd100_nh10_nl1_bs16_gc1.5.png"}