{"losses": [10.842354774475098, 10.829072952270508, 10.812127113342285, 10.805644989013672, 10.792080879211426, 10.780473709106445, 10.768977165222168, 10.755391120910645, 10.738875389099121, 10.723559379577637, 10.705133438110352, 10.684558868408203, 10.659112930297852, 10.636235237121582, 10.605323791503906, 10.584461212158203, 10.568155288696289, 10.534188270568848, 10.499358177185059, 10.472017288208008, 10.446698188781738, 10.42730712890625, 10.397439956665039, 10.356274604797363, 10.323686599731445, 10.295293807983398, 10.2875337600708, 10.254039764404297, 10.260844230651855, 10.244994163513184, 10.209094047546387, 10.206165313720703, 10.165828704833984, 10.138586044311523, 10.131747245788574, 10.08568286895752, 10.06063461303711, 10.036981582641602, 10.019010543823242, 10.033035278320312, 9.997191429138184, 9.979630470275879, 9.955645561218262, 9.944315910339355, 9.9137601852417, 9.897732734680176, 9.895605087280273, 9.853649139404297, 9.829875946044922, 9.818388938903809, 9.802779197692871, 9.779757499694824, 9.7499361038208, 9.712717056274414, 9.689815521240234, 9.665779113769531, 9.645289421081543, 9.638633728027344, 9.615391731262207, 9.600062370300293, 9.560615539550781, 9.539507865905762, 9.532079696655273, 9.53964614868164, 9.514127731323242, 9.48776912689209, 9.464232444763184, 9.46444320678711, 9.454737663269043, 9.4274263381958, 9.395326614379883, 9.386126518249512, 9.361798286437988, 9.34197998046875, 9.31934928894043, 9.2827730178833, 9.272693634033203, 9.258722305297852, 9.24065113067627, 9.230189323425293, 9.218304634094238, 9.187941551208496, 9.187766075134277, 9.15510368347168, 9.156076431274414, 9.119439125061035, 9.092907905578613, 9.098135948181152, 9.081174850463867, 9.05017375946045, 9.03205680847168, 9.003473281860352, 9.026751518249512, 8.99570369720459, 8.976629257202148, 8.982752799987793, 8.943063735961914, 8.938648223876953, 8.920438766479492, 8.886080741882324], "grad_norms": [1.1434804201126099, 1.0045793056488037, 1.0380345582962036, 1.0555616617202759, 1.0907926559448242, 1.0992015600204468, 1.1298655271530151, 1.1607258319854736, 1.2520620822906494, 1.3171406984329224, 1.4022935628890991, 1.4086183309555054, 1.459105372428894, 1.4437099695205688, 1.4336875677108765, 1.3842296600341797, 1.5635558366775513, 1.5892339944839478, 1.4990506172180176, 1.4738973379135132, 1.3969730138778687, 1.2535141706466675, 1.204256296157837, 1.2962918281555176, 1.3799397945404053, 1.4018313884735107, 1.338942527770996, 1.349928379058838, 1.1859121322631836, 1.196048378944397, 1.2412110567092896, 1.1741878986358643, 1.2183253765106201, 1.2064412832260132, 1.1812474727630615, 1.2262756824493408, 1.2703033685684204, 1.270053744316101, 1.2208324670791626, 1.1476129293441772, 1.1859652996063232, 1.1727683544158936, 1.176631212234497, 1.1479617357254028, 1.168052315711975, 1.1436176300048828, 1.1240856647491455, 1.1718107461929321, 1.1687058210372925, 1.1303399801254272, 1.1573727130889893, 1.1379904747009277, 1.1498491764068604, 1.4059193134307861, 1.3860502243041992, 1.425774097442627, 1.3856281042099, 1.2362785339355469, 1.231340765953064, 1.3266106843948364, 1.4004942178726196, 1.4166629314422607, 1.340132236480713, 1.2093431949615479, 1.197629690170288, 1.1925333738327026, 1.1952136754989624, 1.1801210641860962, 1.1921943426132202, 1.1943374872207642, 1.1887680292129517, 1.1846861839294434, 1.2094076871871948, 1.1926441192626953, 1.2227060794830322, 1.2539887428283691, 1.2045042514801025, 1.199884295463562, 1.1985071897506714, 1.2522284984588623, 1.2373403310775757, 1.249728798866272, 1.2300750017166138, 1.2642625570297241, 1.2243025302886963, 1.2427624464035034, 1.2406772375106812, 1.217936635017395, 1.2334131002426147, 1.218652367591858, 1.2450517416000366, 1.2535943984985352, 1.177595853805542, 1.1979268789291382, 1.1782464981079102, 1.1687595844268799, 1.1618940830230713, 1.1654634475708008, 1.174904704093933, 1.1675249338150024], "final_loss": 8.886080741882324, "file_name": "./losses_and_grad_norms/hd100_nh20_nl1_bs16_gc1.png"}