{"losses": [10.845137596130371, 10.82973575592041, 10.820140838623047, 10.811125755310059, 10.801496505737305, 10.78410530090332, 10.769632339477539, 10.75782299041748, 10.73719596862793, 10.717754364013672, 10.690322875976562, 10.663472175598145, 10.630731582641602, 10.605070114135742, 10.573225021362305, 10.561169624328613, 10.528528213500977, 10.496427536010742, 10.463007926940918, 10.431168556213379, 10.400297164916992, 10.40281867980957, 10.384137153625488, 10.325716972351074, 10.291491508483887, 10.261669158935547, 10.272245407104492, 10.225935935974121, 10.254510879516602, 10.230725288391113, 10.201366424560547, 10.19071102142334, 10.156261444091797, 10.13362979888916, 10.122855186462402, 10.083365440368652, 10.067546844482422, 10.04537296295166, 10.027724266052246, 10.043681144714355, 9.998855590820312, 9.995092391967773, 9.962825775146484, 9.955293655395508, 9.933786392211914, 9.921274185180664, 9.918754577636719, 9.882730484008789, 9.85876178741455, 9.840317726135254, 9.836845397949219, 9.808948516845703, 9.783184051513672, 9.72761058807373, 9.717801094055176, 9.689717292785645, 9.66441822052002, 9.665075302124023, 9.636487007141113, 9.627701759338379, 9.588651657104492, 9.561661720275879, 9.544862747192383, 9.565581321716309, 9.550971984863281, 9.52557373046875, 9.50666618347168, 9.498514175415039, 9.485332489013672, 9.468011856079102, 9.429837226867676, 9.419788360595703, 9.399656295776367, 9.372604370117188, 9.357878684997559, 9.330500602722168, 9.311513900756836, 9.299041748046875, 9.28194808959961, 9.25508975982666, 9.24736499786377, 9.217434883117676, 9.213787078857422, 9.177812576293945, 9.17929744720459, 9.152813911437988, 9.123579978942871, 9.12332820892334, 9.104389190673828, 9.07717514038086, 9.05459213256836, 9.02306079864502, 9.060632705688477, 9.035750389099121, 9.014164924621582, 9.015185356140137, 8.990947723388672, 8.98049545288086, 8.958894729614258, 8.93117618560791], "grad_norms": [1.1786853075027466, 1.0874453783035278, 1.1083054542541504, 1.1242926120758057, 1.1865525245666504, 1.1962271928787231, 1.228205919265747, 1.289778709411621, 1.3544069528579712, 1.4377259016036987, 1.4915980100631714, 1.5120481252670288, 1.5378808975219727, 1.5290627479553223, 1.4381738901138306, 1.3702267408370972, 1.5350327491760254, 1.5198277235031128, 1.4625468254089355, 1.4168776273727417, 1.372376799583435, 1.2135721445083618, 1.1745991706848145, 1.2888376712799072, 1.3675373792648315, 1.391308307647705, 1.3338401317596436, 1.3475964069366455, 1.1803758144378662, 1.196650743484497, 1.2403675317764282, 1.1731915473937988, 1.2179025411605835, 1.2041677236557007, 1.1789413690567017, 1.2256942987442017, 1.2679487466812134, 1.269878625869751, 1.22201669216156, 1.1433178186416626, 1.1847662925720215, 1.1724587678909302, 1.176090955734253, 1.1466950178146362, 1.1684987545013428, 1.1430953741073608, 1.1230772733688354, 1.1712960004806519, 1.1681506633758545, 1.1301037073135376, 1.1579368114471436, 1.1366522312164307, 1.1491281986236572, 1.4003992080688477, 1.3838605880737305, 1.422797679901123, 1.3838870525360107, 1.2320042848587036, 1.2299305200576782, 1.3247978687286377, 1.39842689037323, 1.4140028953552246, 1.3397362232208252, 1.2080445289611816, 1.1951512098312378, 1.192437767982483, 1.193698525428772, 1.1774265766143799, 1.1920582056045532, 1.1922247409820557, 1.1877763271331787, 1.1839779615402222, 1.20816171169281, 1.1913148164749146, 1.2203707695007324, 1.2505251169204712, 1.2005257606506348, 1.198033094406128, 1.1973096132278442, 1.252695083618164, 1.236833095550537, 1.2481857538223267, 1.229517936706543, 1.2636042833328247, 1.2231987714767456, 1.2422304153442383, 1.2394253015518188, 1.2168529033660889, 1.2324191331863403, 1.2179855108261108, 1.2439920902252197, 1.252286672592163, 1.176990032196045, 1.1971274614334106, 1.1765936613082886, 1.1668978929519653, 1.1593847274780273, 1.1626460552215576, 1.1739673614501953, 1.1656450033187866], "final_loss": 8.93117618560791, "file_name": "./losses_and_grad_norms/hd100_nh1_nl1_bs16_gc2.5.png"}