{"losses": [10.84801197052002, 10.826045036315918, 10.806461334228516, 10.78540325164795, 10.763538360595703, 10.741272926330566, 10.715258598327637, 10.692673683166504, 10.659728050231934, 10.639474868774414, 10.603015899658203, 10.569245338439941, 10.542975425720215, 10.520773887634277, 10.492822647094727, 10.480264663696289, 10.45145034790039, 10.424515724182129, 10.396347999572754, 10.374570846557617, 10.358413696289062, 10.37031364440918, 10.347121238708496, 10.298908233642578, 10.259081840515137, 10.238383293151855, 10.237173080444336, 10.205263137817383, 10.2316255569458, 10.220105171203613, 10.190905570983887, 10.18493366241455, 10.143853187561035, 10.133615493774414, 10.121856689453125, 10.073286056518555, 10.068605422973633, 10.036728858947754, 10.030304908752441, 10.031981468200684, 9.99355411529541, 9.981287002563477, 9.958037376403809, 9.944900512695312, 9.920289039611816, 9.906611442565918, 9.893454551696777, 9.852416038513184, 9.836424827575684, 9.828507423400879, 9.808960914611816, 9.78536605834961, 9.762903213500977, 9.725592613220215, 9.697041511535645, 9.674962043762207, 9.656746864318848, 9.661587715148926, 9.641756057739258, 9.62113094329834, 9.576807975769043, 9.55050277709961, 9.551962852478027, 9.562265396118164, 9.542186737060547, 9.51416015625, 9.493009567260742, 9.486823081970215, 9.477746963500977, 9.451897621154785, 9.41777229309082, 9.405537605285645, 9.390095710754395, 9.367683410644531, 9.348448753356934, 9.330390930175781, 9.311114311218262, 9.297057151794434, 9.288626670837402, 9.263763427734375, 9.255626678466797, 9.22500228881836, 9.233086585998535, 9.202408790588379, 9.198463439941406, 9.159252166748047, 9.139799118041992, 9.142534255981445, 9.124988555908203, 9.090224266052246, 9.069653511047363, 9.044642448425293, 9.066286087036133, 9.029790878295898, 9.018379211425781, 9.021535873413086, 8.992003440856934, 8.978501319885254, 8.961787223815918, 8.937909126281738], "grad_norms": [1.4871739149093628, 1.3618072271347046, 1.4163423776626587, 1.4798312187194824, 1.5232648849487305, 1.5456147193908691, 1.5506253242492676, 1.4577009677886963, 1.4314677715301514, 1.369377851486206, 1.314020037651062, 1.245011329650879, 1.216660976409912, 1.1761714220046997, 1.1718571186065674, 1.1468786001205444, 1.3592069149017334, 1.3904517889022827, 1.3578053712844849, 1.346631407737732, 1.3082973957061768, 1.2248640060424805, 1.170782446861267, 1.2875516414642334, 1.3719985485076904, 1.3917049169540405, 1.3315078020095825, 1.3553869724273682, 1.2112213373184204, 1.2083008289337158, 1.244764804840088, 1.1753674745559692, 1.2201203107833862, 1.2090644836425781, 1.181954264640808, 1.2291059494018555, 1.2691956758499146, 1.2700932025909424, 1.2215290069580078, 1.1477367877960205, 1.1872367858886719, 1.1737300157546997, 1.1744874715805054, 1.1464860439300537, 1.166972041130066, 1.1431732177734375, 1.1214377880096436, 1.1699289083480835, 1.1640024185180664, 1.1281499862670898, 1.1538805961608887, 1.1319730281829834, 1.147410273551941, 1.4221302270889282, 1.3789020776748657, 1.4183677434921265, 1.3819328546524048, 1.2384153604507446, 1.2266573905944824, 1.3239158391952515, 1.3961279392242432, 1.4099854230880737, 1.338541865348816, 1.2189841270446777, 1.1929848194122314, 1.1891241073608398, 1.1897512674331665, 1.1765432357788086, 1.1844100952148438, 1.1847052574157715, 1.1817724704742432, 1.1772483587265015, 1.2035382986068726, 1.18649423122406, 1.2164946794509888, 1.2494893074035645, 1.215047001838684, 1.197072148323059, 1.1954277753829956, 1.2513271570205688, 1.2330278158187866, 1.2450108528137207, 1.2266008853912354, 1.2617475986480713, 1.2204874753952026, 1.241090178489685, 1.2374502420425415, 1.2156007289886475, 1.2301915884017944, 1.2155801057815552, 1.2424310445785522, 1.2508569955825806, 1.1770480871200562, 1.191294550895691, 1.1728241443634033, 1.1651098728179932, 1.157666563987732, 1.1621350049972534, 1.1723222732543945, 1.1650078296661377], "final_loss": 8.937909126281738, "file_name": "./losses_and_grad_norms/hd100_nh20_nl2_bs16_gc1.png"}