{"losses": [10.846379280090332, 10.834633827209473, 10.82157039642334, 10.815328598022461, 10.802462577819824, 10.79003620147705, 10.774345397949219, 10.764395713806152, 10.744243621826172, 10.73682975769043, 10.712334632873535, 10.682891845703125, 10.6585693359375, 10.631644248962402, 10.600640296936035, 10.581746101379395, 10.531106948852539, 10.499082565307617, 10.4701566696167, 10.443293571472168, 10.417511940002441, 10.418548583984375, 10.395358085632324, 10.345592498779297, 10.314340591430664, 10.282917976379395, 10.278043746948242, 10.24936580657959, 10.264213562011719, 10.244767189025879, 10.2167387008667, 10.209827423095703, 10.168094635009766, 10.15058708190918, 10.144351959228516, 10.100300788879395, 10.073960304260254, 10.051346778869629, 10.035550117492676, 10.05163860321045, 10.013935089111328, 9.999838829040527, 9.976665496826172, 9.967018127441406, 9.938859939575195, 9.929590225219727, 9.914313316345215, 9.880603790283203, 9.86368179321289, 9.848868370056152, 9.832695960998535, 9.809539794921875, 9.781508445739746, 9.751974105834961, 9.727198600769043, 9.696371078491211, 9.674039840698242, 9.671195030212402, 9.6379976272583, 9.631447792053223, 9.593613624572754, 9.572454452514648, 9.562628746032715, 9.557491302490234, 9.533980369567871, 9.515046119689941, 9.491082191467285, 9.500700950622559, 9.488018989562988, 9.46536922454834, 9.430764198303223, 9.425610542297363, 9.397602081298828, 9.369645118713379, 9.355076789855957, 9.316400527954102, 9.301355361938477, 9.28505802154541, 9.273695945739746, 9.2564058303833, 9.2413969039917, 9.215877532958984, 9.213482856750488, 9.176788330078125, 9.179059028625488, 9.148001670837402, 9.121793746948242, 9.11922550201416, 9.104049682617188, 9.075366020202637, 9.054308891296387, 9.028403282165527, 9.055399894714355, 9.021761894226074, 9.006555557250977, 9.016154289245605, 8.980109214782715, 8.965002059936523, 8.947517395019531, 8.92809009552002], "grad_norms": [1.052554726600647, 0.9614042043685913, 0.9835041165351868, 1.0163230895996094, 1.0404192209243774, 1.0617892742156982, 1.0905841588974, 1.1556055545806885, 1.2198492288589478, 1.2675142288208008, 1.3427019119262695, 1.405212640762329, 1.415400743484497, 1.3925702571868896, 1.3909276723861694, 1.3633476495742798, 1.4584403038024902, 1.4737024307250977, 1.4279372692108154, 1.3789938688278198, 1.3391759395599365, 1.2310961484909058, 1.1848251819610596, 1.2783671617507935, 1.3548526763916016, 1.3823463916778564, 1.3234800100326538, 1.3459911346435547, 1.1893008947372437, 1.1984889507293701, 1.2340034246444702, 1.1751600503921509, 1.216101884841919, 1.2055498361587524, 1.1802120208740234, 1.2254873514175415, 1.2684786319732666, 1.2693723440170288, 1.2196667194366455, 1.1442683935165405, 1.1865031719207764, 1.172147512435913, 1.1754260063171387, 1.1469088792800903, 1.167222499847412, 1.1424933671951294, 1.1224669218063354, 1.1700818538665771, 1.16688871383667, 1.129095196723938, 1.1565194129943848, 1.135717511177063, 1.1479480266571045, 1.4015041589736938, 1.381403923034668, 1.4219845533370972, 1.3873142004013062, 1.23338782787323, 1.2300291061401367, 1.3242566585540771, 1.3992727994918823, 1.4153412580490112, 1.3390495777130127, 1.2120097875595093, 1.19785737991333, 1.1935046911239624, 1.1959041357040405, 1.1792573928833008, 1.191501498222351, 1.193429946899414, 1.1876215934753418, 1.1829960346221924, 1.2072094678878784, 1.1903895139694214, 1.2197033166885376, 1.251278281211853, 1.2024500370025635, 1.198547124862671, 1.1961264610290527, 1.2519065141677856, 1.2352911233901978, 1.2471967935562134, 1.22823166847229, 1.2625789642333984, 1.2225075960159302, 1.2418055534362793, 1.23856520652771, 1.216729760169983, 1.231649398803711, 1.217401146888733, 1.2440619468688965, 1.2517210245132446, 1.1773359775543213, 1.1963255405426025, 1.1761541366577148, 1.167453408241272, 1.1597900390625, 1.1633738279342651, 1.1734857559204102, 1.1647026538848877], "final_loss": 8.92809009552002, "file_name": "./losses_and_grad_norms/hd100_nh20_nl1_bs16_gc2.5.png"}