{"losses": [10.8444242477417, 10.824234008789062, 10.796353340148926, 10.775379180908203, 10.747007369995117, 10.723023414611816, 10.696635246276855, 10.663232803344727, 10.626313209533691, 10.595198631286621, 10.562954902648926, 10.534467697143555, 10.504927635192871, 10.487102508544922, 10.457507133483887, 10.453668594360352, 10.409936904907227, 10.386608123779297, 10.352344512939453, 10.325044631958008, 10.315479278564453, 10.333019256591797, 10.319161415100098, 10.259994506835938, 10.22580337524414, 10.200942993164062, 10.200207710266113, 10.168516159057617, 10.206829071044922, 10.18930435180664, 10.156245231628418, 10.145635604858398, 10.113797187805176, 10.103974342346191, 10.093663215637207, 10.051063537597656, 10.033576965332031, 10.004511833190918, 9.993359565734863, 10.005783081054688, 9.97408390045166, 9.959636688232422, 9.940288543701172, 9.930816650390625, 9.902305603027344, 9.890835762023926, 9.893059730529785, 9.856097221374512, 9.82927131652832, 9.816725730895996, 9.811997413635254, 9.78510856628418, 9.764015197753906, 9.707686424255371, 9.693824768066406, 9.662365913391113, 9.643031120300293, 9.644911766052246, 9.622049331665039, 9.597905158996582, 9.557021141052246, 9.537101745605469, 9.529809951782227, 9.550297737121582, 9.527809143066406, 9.51436996459961, 9.485286712646484, 9.486922264099121, 9.474648475646973, 9.453207015991211, 9.42141056060791, 9.407981872558594, 9.38772201538086, 9.363360404968262, 9.341769218444824, 9.31348705291748, 9.303963661193848, 9.292645454406738, 9.272500991821289, 9.255223274230957, 9.245457649230957, 9.214434623718262, 9.213993072509766, 9.17824649810791, 9.182151794433594, 9.152037620544434, 9.12125301361084, 9.126387596130371, 9.11289119720459, 9.08142375946045, 9.06017780303955, 9.036199569702148, 9.064603805541992, 9.036627769470215, 9.015552520751953, 9.015711784362793, 8.989604949951172, 8.98678970336914, 8.966217994689941, 8.933222770690918], "grad_norms": [1.6883471012115479, 1.5331212282180786, 1.7113147974014282, 1.7948217391967773, 1.8754271268844604, 1.8150769472122192, 1.7260793447494507, 1.647047996520996, 1.5532944202423096, 1.4152441024780273, 1.3647221326828003, 1.2503154277801514, 1.222087025642395, 1.1937403678894043, 1.184658169746399, 1.1447391510009766, 1.3459163904190063, 1.3950517177581787, 1.3538414239883423, 1.3489471673965454, 1.3127310276031494, 1.2168312072753906, 1.171003818511963, 1.2920798063278198, 1.376775860786438, 1.3909038305282593, 1.338064193725586, 1.35677170753479, 1.204732060432434, 1.2133007049560547, 1.2511361837387085, 1.1814236640930176, 1.2255045175552368, 1.2148337364196777, 1.186509132385254, 1.23518967628479, 1.2718948125839233, 1.2723153829574585, 1.2258538007736206, 1.1498761177062988, 1.190144658088684, 1.1756092309951782, 1.1794241666793823, 1.1496726274490356, 1.1715971231460571, 1.14673912525177, 1.1247444152832031, 1.1726014614105225, 1.1689659357070923, 1.1324313879013062, 1.1561869382858276, 1.1361923217773438, 1.1479088068008423, 1.4087973833084106, 1.378790020942688, 1.4172686338424683, 1.3837783336639404, 1.240209698677063, 1.2290029525756836, 1.323275089263916, 1.396572470664978, 1.4112465381622314, 1.3410446643829346, 1.2132521867752075, 1.192886471748352, 1.1875202655792236, 1.189773678779602, 1.1758111715316772, 1.1830453872680664, 1.1852781772613525, 1.1829890012741089, 1.1774027347564697, 1.2024834156036377, 1.1863569021224976, 1.2181111574172974, 1.249833583831787, 1.1987391710281372, 1.1961668729782104, 1.196563959121704, 1.2517766952514648, 1.2350819110870361, 1.2457420825958252, 1.2282931804656982, 1.2623307704925537, 1.2219839096069336, 1.241904854774475, 1.2409828901290894, 1.2166860103607178, 1.2331900596618652, 1.2173088788986206, 1.2425727844238281, 1.2524105310440063, 1.179038166999817, 1.1917258501052856, 1.172370433807373, 1.1657450199127197, 1.1583988666534424, 1.1618118286132812, 1.1717854738235474, 1.1650162935256958], "final_loss": 8.933222770690918, "file_name": "./losses_and_grad_norms/hd100_nh20_nl2_bs16_gc1.5.png"}