{"losses": [10.842232704162598, 10.839057922363281, 10.825935363769531, 10.814226150512695, 10.801119804382324, 10.786909103393555, 10.7682466506958, 10.751370429992676, 10.734432220458984, 10.71456241607666, 10.68993854522705, 10.658584594726562, 10.628077507019043, 10.600790023803711, 10.570693016052246, 10.544139862060547, 10.49916934967041, 10.467906951904297, 10.432207107543945, 10.402114868164062, 10.380415916442871, 10.371938705444336, 10.358282089233398, 10.301937103271484, 10.264793395996094, 10.23601245880127, 10.22651481628418, 10.19697380065918, 10.217689514160156, 10.20090389251709, 10.166938781738281, 10.161847114562988, 10.12491512298584, 10.10435962677002, 10.097423553466797, 10.048562049865723, 10.033291816711426, 10.004854202270508, 9.99068832397461, 10.002058029174805, 9.963634490966797, 9.952837944030762, 9.92618465423584, 9.91060733795166, 9.890082359313965, 9.877995491027832, 9.875450134277344, 9.831582069396973, 9.810060501098633, 9.800540924072266, 9.782855033874512, 9.757271766662598, 9.731048583984375, 9.695394515991211, 9.66872787475586, 9.64481258392334, 9.632431983947754, 9.622283935546875, 9.60564136505127, 9.585779190063477, 9.539952278137207, 9.517709732055664, 9.511968612670898, 9.518653869628906, 9.498738288879395, 9.47695255279541, 9.455401420593262, 9.451210021972656, 9.441788673400879, 9.421326637268066, 9.385639190673828, 9.376598358154297, 9.348273277282715, 9.33115005493164, 9.305195808410645, 9.28612232208252, 9.263833999633789, 9.251396179199219, 9.236896514892578, 9.222105979919434, 9.209065437316895, 9.181617736816406, 9.18385124206543, 9.148197174072266, 9.143487930297852, 9.113444328308105, 9.085906982421875, 9.090407371520996, 9.07190227508545, 9.040497779846191, 9.0219087600708, 8.9956636428833, 9.018888473510742, 8.986052513122559, 8.972001075744629, 8.978104591369629, 8.942753791809082, 8.932672500610352, 8.917866706848145, 8.890707015991211], "grad_norms": [1.2871679067611694, 1.168300747871399, 1.248233437538147, 1.2548437118530273, 1.3130418062210083, 1.299827218055725, 1.3424701690673828, 1.3852159976959229, 1.4774609804153442, 1.5440113544464111, 1.5821516513824463, 1.585646629333496, 1.6094658374786377, 1.5793286561965942, 1.5267082452774048, 1.4283756017684937, 1.5629074573516846, 1.5289171934127808, 1.4597584009170532, 1.4425785541534424, 1.3774769306182861, 1.2300418615341187, 1.1833033561706543, 1.3021939992904663, 1.3746142387390137, 1.393728256225586, 1.3389970064163208, 1.354788064956665, 1.1863665580749512, 1.1997487545013428, 1.2447869777679443, 1.1773344278335571, 1.222118616104126, 1.2093725204467773, 1.1837780475616455, 1.2281376123428345, 1.2667193412780762, 1.268560767173767, 1.2223564386367798, 1.1455436944961548, 1.187333345413208, 1.1737483739852905, 1.17759370803833, 1.148269534111023, 1.169994831085205, 1.144875168800354, 1.1240776777267456, 1.1731771230697632, 1.168257713317871, 1.131111741065979, 1.1578212976455688, 1.1378506422042847, 1.1501082181930542, 1.4065452814102173, 1.387444019317627, 1.4255495071411133, 1.3877432346343994, 1.2329003810882568, 1.2309776544570923, 1.3267509937286377, 1.4000300168991089, 1.416009783744812, 1.3406410217285156, 1.210678219795227, 1.1979117393493652, 1.1936988830566406, 1.1959542036056519, 1.1800880432128906, 1.1930384635925293, 1.1950663328170776, 1.190058708190918, 1.185695767402649, 1.208829402923584, 1.1919798851013184, 1.222400426864624, 1.2517198324203491, 1.201928734779358, 1.1994078159332275, 1.1979724168777466, 1.2514636516571045, 1.2355632781982422, 1.2485108375549316, 1.2300084829330444, 1.2638537883758545, 1.2236571311950684, 1.2423663139343262, 1.2395014762878418, 1.2172433137893677, 1.2325749397277832, 1.2183622121810913, 1.2445716857910156, 1.2525497674942017, 1.1775034666061401, 1.1973106861114502, 1.1776008605957031, 1.1685576438903809, 1.1606541872024536, 1.1642266511917114, 1.1747994422912598, 1.1663846969604492], "final_loss": 8.890707015991211, "file_name": "./losses_and_grad_norms/hd100_nh10_nl1_bs16_gc2.5.png"}