{"losses": [10.865053176879883, 10.836156845092773, 10.80923843383789, 10.79160213470459, 10.757092475891113, 10.739544868469238, 10.70563793182373, 10.675907135009766, 10.640779495239258, 10.616705894470215, 10.583898544311523, 10.55447769165039, 10.526249885559082, 10.504607200622559, 10.47764778137207, 10.478458404541016, 10.462682723999023, 10.430840492248535, 10.397927284240723, 10.386143684387207, 10.36543083190918, 10.367592811584473, 10.345200538635254, 10.302838325500488, 10.27014446258545, 10.253159523010254, 10.245583534240723, 10.216684341430664, 10.237832069396973, 10.213286399841309, 10.17625904083252, 10.176274299621582, 10.139273643493652, 10.121394157409668, 10.1184663772583, 10.07061767578125, 10.062163352966309, 10.035552978515625, 10.019112586975098, 10.027621269226074, 9.990890502929688, 9.979499816894531, 9.960627555847168, 9.94408130645752, 9.923074722290039, 9.905452728271484, 9.900602340698242, 9.85628890991211, 9.846635818481445, 9.828787803649902, 9.815248489379883, 9.798013687133789, 9.769451141357422, 9.764164924621582, 9.728163719177246, 9.700838088989258, 9.68906307220459, 9.68324089050293, 9.661121368408203, 9.643038749694824, 9.604981422424316, 9.58039379119873, 9.579562187194824, 9.576737403869629, 9.554217338562012, 9.531774520874023, 9.513007164001465, 9.493961334228516, 9.479270935058594, 9.452177047729492, 9.427846908569336, 9.411669731140137, 9.393233299255371, 9.370445251464844, 9.356093406677246, 9.33814525604248, 9.331814765930176, 9.313797950744629, 9.295622825622559, 9.274599075317383, 9.263876914978027, 9.232257843017578, 9.232452392578125, 9.203572273254395, 9.201803207397461, 9.16622543334961, 9.141201972961426, 9.136537551879883, 9.125663757324219, 9.09313678741455, 9.076217651367188, 9.050551414489746, 9.076342582702637, 9.038302421569824, 9.02169132232666, 9.027488708496094, 8.997243881225586, 8.989063262939453, 8.973718643188477, 8.951717376708984], "grad_norms": [1.702532410621643, 1.6412423849105835, 1.7650419473648071, 1.8192861080169678, 1.8788247108459473, 1.8600375652313232, 1.7807480096817017, 1.755025029182434, 1.5796220302581787, 1.5075533390045166, 1.4279688596725464, 1.3242790699005127, 1.23989999294281, 1.2145620584487915, 1.1912026405334473, 1.1632323265075684, 1.3490997552871704, 1.3942193984985352, 1.3553920984268188, 1.3504208326339722, 1.3163362741470337, 1.2169514894485474, 1.1714930534362793, 1.2866665124893188, 1.3719618320465088, 1.396461844444275, 1.3371875286102295, 1.3557403087615967, 1.2082197666168213, 1.2093547582626343, 1.2483813762664795, 1.1783527135849, 1.2247934341430664, 1.2094510793685913, 1.1840448379516602, 1.234640121459961, 1.2730967998504639, 1.2696539163589478, 1.2231734991073608, 1.1497204303741455, 1.1882153749465942, 1.1740814447402954, 1.1771212816238403, 1.147251844406128, 1.169710636138916, 1.1451939344406128, 1.122428297996521, 1.1725088357925415, 1.1683088541030884, 1.1282854080200195, 1.159530520439148, 1.135636806488037, 1.148253083229065, 1.4121214151382446, 1.3845585584640503, 1.419970154762268, 1.3819319009780884, 1.2407547235488892, 1.2270267009735107, 1.322471261024475, 1.3957730531692505, 1.4121912717819214, 1.3372526168823242, 1.2141456604003906, 1.196278691291809, 1.187767744064331, 1.192101240158081, 1.18222975730896, 1.1856868267059326, 1.186611533164978, 1.1842401027679443, 1.1779993772506714, 1.2041624784469604, 1.1868478059768677, 1.218082308769226, 1.249528169631958, 1.2001088857650757, 1.1955660581588745, 1.1953181028366089, 1.251908779144287, 1.233659267425537, 1.2457071542739868, 1.2282977104187012, 1.261868953704834, 1.2226998805999756, 1.2412389516830444, 1.2389870882034302, 1.2152934074401855, 1.2317577600479126, 1.2164769172668457, 1.2429869174957275, 1.2511670589447021, 1.1777836084365845, 1.1933746337890625, 1.174576759338379, 1.1665654182434082, 1.1584746837615967, 1.1624059677124023, 1.175342321395874, 1.1659770011901855], "final_loss": 8.951717376708984, "file_name": "./losses_and_grad_norms/hd100_nh5_nl2_bs16_gc2.5.png"}