{"losses": [10.828166007995605, 10.820733070373535, 10.807961463928223, 10.79952335357666, 10.786405563354492, 10.773926734924316, 10.762544631958008, 10.744138717651367, 10.724655151367188, 10.707341194152832, 10.685550689697266, 10.662726402282715, 10.636783599853516, 10.612847328186035, 10.582581520080566, 10.562821388244629, 10.521042823791504, 10.492657661437988, 10.46252727508545, 10.43701171875, 10.411941528320312, 10.400029182434082, 10.374174118041992, 10.325539588928223, 10.3024263381958, 10.261395454406738, 10.266353607177734, 10.224987983703613, 10.241774559020996, 10.227219581604004, 10.190479278564453, 10.184611320495605, 10.148743629455566, 10.12774658203125, 10.118551254272461, 10.067130088806152, 10.049382209777832, 10.025933265686035, 10.00826358795166, 10.02252197265625, 9.989562034606934, 9.969783782958984, 9.945952415466309, 9.93449878692627, 9.907807350158691, 9.893783569335938, 9.885610580444336, 9.850763320922852, 9.82907485961914, 9.810693740844727, 9.80241870880127, 9.772459030151367, 9.747960090637207, 9.70287036895752, 9.680228233337402, 9.6524019241333, 9.631945610046387, 9.622498512268066, 9.604575157165527, 9.59292984008789, 9.557866096496582, 9.527338027954102, 9.52444839477539, 9.525870323181152, 9.498190879821777, 9.475869178771973, 9.448348999023438, 9.457673072814941, 9.45751953125, 9.439139366149902, 9.400956153869629, 9.387163162231445, 9.362591743469238, 9.340300559997559, 9.318254470825195, 9.285956382751465, 9.260856628417969, 9.244650840759277, 9.231538772583008, 9.216712951660156, 9.207730293273926, 9.17692756652832, 9.179032325744629, 9.14251708984375, 9.151128768920898, 9.110217094421387, 9.086406707763672, 9.085230827331543, 9.074085235595703, 9.03775691986084, 9.020157814025879, 8.990939140319824, 9.024104118347168, 8.995866775512695, 8.976889610290527, 8.979657173156738, 8.946568489074707, 8.940347671508789, 8.918115615844727, 8.88312816619873], "grad_norms": [1.2885252237319946, 1.0688896179199219, 1.079674482345581, 1.120666265487671, 1.1660534143447876, 1.1404489278793335, 1.192132830619812, 1.2420098781585693, 1.331162452697754, 1.4450494050979614, 1.4915183782577515, 1.5108892917633057, 1.5246310234069824, 1.5142145156860352, 1.4570571184158325, 1.457795262336731, 1.4695924520492554, 1.4893842935562134, 1.4474289417266846, 1.4036892652511597, 1.3549516201019287, 1.252855896949768, 1.1990783214569092, 1.2859492301940918, 1.3695762157440186, 1.3851069211959839, 1.3300950527191162, 1.3459659814834595, 1.1891454458236694, 1.1876758337020874, 1.2332494258880615, 1.1723483800888062, 1.2149182558059692, 1.2017796039581299, 1.1771633625030518, 1.2242045402526855, 1.2631303071975708, 1.2649909257888794, 1.2190577983856201, 1.1425925493240356, 1.1843113899230957, 1.171578288078308, 1.1749086380004883, 1.1469088792800903, 1.1680890321731567, 1.1430610418319702, 1.1230196952819824, 1.1697571277618408, 1.1671074628829956, 1.1292887926101685, 1.1554100513458252, 1.135727047920227, 1.1480315923690796, 1.4021140336990356, 1.3843934535980225, 1.423570990562439, 1.3853482007980347, 1.2333016395568848, 1.2295832633972168, 1.325601577758789, 1.3987877368927002, 1.4130055904388428, 1.3386797904968262, 1.2138488292694092, 1.1998140811920166, 1.1906373500823975, 1.1929875612258911, 1.1773927211761475, 1.1885546445846558, 1.1908663511276245, 1.1872409582138062, 1.1821767091751099, 1.2067391872406006, 1.1901941299438477, 1.2195863723754883, 1.247003436088562, 1.2019009590148926, 1.1981384754180908, 1.1968363523483276, 1.2514162063598633, 1.2352712154388428, 1.2480852603912354, 1.2288023233413696, 1.2630236148834229, 1.2227309942245483, 1.2417999505996704, 1.2396975755691528, 1.2166956663131714, 1.2317798137664795, 1.2176400423049927, 1.2438565492630005, 1.2519985437393188, 1.1771994829177856, 1.1958057880401611, 1.1767503023147583, 1.167242169380188, 1.1595379114151, 1.163048267364502, 1.173343300819397, 1.1647984981536865], "final_loss": 8.88312816619873, "file_name": "./losses_and_grad_norms/hd100_nh10_nl1_bs16_gc1.png"}