{"losses": [10.839958190917969, 10.824060440063477, 10.810810089111328, 10.794434547424316, 10.788796424865723, 10.768911361694336, 10.75523853302002, 10.735480308532715, 10.717455863952637, 10.69879150390625, 10.669567108154297, 10.632884979248047, 10.603961944580078, 10.577939987182617, 10.539570808410645, 10.530244827270508, 10.482226371765137, 10.448283195495605, 10.419360160827637, 10.387840270996094, 10.363656997680664, 10.368898391723633, 10.350150108337402, 10.288233757019043, 10.258020401000977, 10.222816467285156, 10.229111671447754, 10.189447402954102, 10.211199760437012, 10.194000244140625, 10.1627779006958, 10.154613494873047, 10.115761756896973, 10.10390567779541, 10.093509674072266, 10.043785095214844, 10.023998260498047, 9.995516777038574, 9.986010551452637, 10.001325607299805, 9.9655179977417, 9.949980735778809, 9.929364204406738, 9.91705322265625, 9.897014617919922, 9.886514663696289, 9.876762390136719, 9.851137161254883, 9.820493698120117, 9.808066368103027, 9.798629760742188, 9.774816513061523, 9.748433113098145, 9.6903076171875, 9.679706573486328, 9.648418426513672, 9.62484359741211, 9.621882438659668, 9.59823989868164, 9.588537216186523, 9.540956497192383, 9.519855499267578, 9.512042045593262, 9.517019271850586, 9.497306823730469, 9.479583740234375, 9.455870628356934, 9.456148147583008, 9.457674980163574, 9.428524017333984, 9.396469116210938, 9.385294914245605, 9.361760139465332, 9.33787727355957, 9.313937187194824, 9.28102970123291, 9.263530731201172, 9.249195098876953, 9.234928131103516, 9.221024513244629, 9.205944061279297, 9.180011749267578, 9.172669410705566, 9.144509315490723, 9.143298149108887, 9.114416122436523, 9.084575653076172, 9.086910247802734, 9.066941261291504, 9.039372444152832, 9.017349243164062, 8.988154411315918, 9.02344799041748, 8.995774269104004, 8.976834297180176, 8.979528427124023, 8.95078182220459, 8.943984031677246, 8.922319412231445, 8.892953872680664], "grad_norms": [1.2316160202026367, 1.0685805082321167, 1.147753357887268, 1.2010383605957031, 1.2291561365127563, 1.2209609746932983, 1.286795973777771, 1.349311351776123, 1.448993444442749, 1.566274881362915, 1.586653709411621, 1.593743920326233, 1.581172227859497, 1.5162897109985352, 1.4620901346206665, 1.3872077465057373, 1.5164605379104614, 1.4968492984771729, 1.4480454921722412, 1.415962815284729, 1.3575056791305542, 1.2198554277420044, 1.1849870681762695, 1.2895432710647583, 1.3663358688354492, 1.3879940509796143, 1.3312687873840332, 1.3543436527252197, 1.186745285987854, 1.2007807493209839, 1.2428041696548462, 1.1760729551315308, 1.2225749492645264, 1.208918809890747, 1.1820273399353027, 1.2286635637283325, 1.272166132926941, 1.2713085412979126, 1.2238788604736328, 1.1460397243499756, 1.1865602731704712, 1.173459529876709, 1.1776762008666992, 1.1483818292617798, 1.1681627035140991, 1.145108938217163, 1.1249618530273438, 1.1742360591888428, 1.1680574417114258, 1.1310327053070068, 1.1579045057296753, 1.1370391845703125, 1.1495767831802368, 1.4078972339630127, 1.3848034143447876, 1.4235520362854004, 1.3884395360946655, 1.2332987785339355, 1.2307038307189941, 1.3263095617294312, 1.4003989696502686, 1.4164180755615234, 1.340664267539978, 1.2092084884643555, 1.1982258558273315, 1.192509651184082, 1.1953481435775757, 1.1789668798446655, 1.1945991516113281, 1.1944389343261719, 1.1877312660217285, 1.184293270111084, 1.2080334424972534, 1.191389799118042, 1.2215253114700317, 1.2497788667678833, 1.2028746604919434, 1.1999057531356812, 1.1980587244033813, 1.251347541809082, 1.2353678941726685, 1.2480446100234985, 1.2301889657974243, 1.2631642818450928, 1.223785638809204, 1.2425817251205444, 1.2396737337112427, 1.2172486782073975, 1.232667088508606, 1.2185006141662598, 1.2447998523712158, 1.2533684968948364, 1.1801048517227173, 1.1994050741195679, 1.1775466203689575, 1.1679495573043823, 1.1610389947891235, 1.1636958122253418, 1.1740858554840088, 1.1646839380264282], "final_loss": 8.892953872680664, "file_name": "./losses_and_grad_norms/hd100_nh5_nl1_bs16_gc1.5.png"}