{"losses": [10.873268127441406, 10.816492080688477, 10.764720916748047, 10.713001251220703, 10.678504943847656, 10.625957489013672, 10.567347526550293, 10.503999710083008, 10.435562133789062, 10.386163711547852, 10.309541702270508, 10.259916305541992, 10.22175407409668, 10.166112899780273, 10.109126091003418, 10.112812995910645, 10.049148559570312, 9.99108600616455, 9.93446159362793, 9.8949613571167, 9.851112365722656, 9.875432014465332, 9.839080810546875, 9.7346830368042, 9.687761306762695, 9.635980606079102, 9.6303071975708, 9.568055152893066, 9.634405136108398, 9.612902641296387, 9.547410011291504, 9.530089378356934, 9.467458724975586, 9.439983367919922, 9.415366172790527, 9.335923194885254, 9.297418594360352, 9.254026412963867, 9.225127220153809, 9.258913040161133, 9.198212623596191, 9.169275283813477, 9.127118110656738, 9.108285903930664, 9.064460754394531, 9.038186073303223, 9.027504920959473, 8.968917846679688, 8.929523468017578, 8.910890579223633, 8.889907836914062, 8.849091529846191, 8.799057006835938, 8.722216606140137, 8.67518138885498, 8.63624095916748, 8.601555824279785, 8.589624404907227, 8.556634902954102, 8.533719062805176, 8.443675994873047, 8.411742210388184, 8.391754150390625, 8.441217422485352, 8.393887519836426, 8.359916687011719, 8.326236724853516, 8.316725730895996, 8.30135726928711, 8.254240036010742, 8.19567584991455, 8.181434631347656, 8.148382186889648, 8.109403610229492, 8.073601722717285, 8.038196563720703, 8.018805503845215, 7.99972677230835, 7.968876361846924, 7.94863224029541, 7.926199913024902, 7.8792643547058105, 7.88878059387207, 7.841887950897217, 7.839626789093018, 7.785661697387695, 7.741176605224609, 7.754293441772461, 7.726138591766357, 7.673808574676514, 7.648859977722168, 7.5983757972717285, 7.655857563018799, 7.609805583953857, 7.575981616973877, 7.587204456329346, 7.542008399963379, 7.53051233291626, 7.5095601081848145, 7.474065780639648], "grad_norms": [1.8352998495101929, 1.7199490070343018, 1.814813494682312, 1.8923821449279785, 1.9281989336013794, 1.930270791053772, 1.9588873386383057, 1.8885154724121094, 1.8424384593963623, 1.8086133003234863, 1.7970088720321655, 1.7463762760162354, 1.6952824592590332, 1.6847052574157715, 1.668973684310913, 1.637641429901123, 1.9157469272613525, 1.9847564697265625, 1.9326798915863037, 1.9138761758804321, 1.8693381547927856, 1.708067536354065, 1.6557961702346802, 1.8272907733917236, 1.9477276802062988, 1.9772437810897827, 1.8993459939956665, 1.9247182607650757, 1.70243501663208, 1.7251331806182861, 1.7704565525054932, 1.6736457347869873, 1.7357641458511353, 1.7168680429458618, 1.6787749528884888, 1.745983362197876, 1.8031206130981445, 1.7984962463378906, 1.7319459915161133, 1.6288610696792603, 1.6800137758255005, 1.6595100164413452, 1.6636700630187988, 1.6218065023422241, 1.650087833404541, 1.6143685579299927, 1.5826588869094849, 1.651045322418213, 1.6443878412246704, 1.589342474937439, 1.6268197298049927, 1.5961233377456665, 1.6119840145111084, 1.9760485887527466, 1.9429932832717896, 1.9932637214660645, 1.9425387382507324, 1.7381339073181152, 1.7183496952056885, 1.8568123579025269, 1.9579315185546875, 1.9757953882217407, 1.8688455820083618, 1.6906229257583618, 1.6630388498306274, 1.6522886753082275, 1.6524889469146729, 1.6373196840286255, 1.6428130865097046, 1.6399636268615723, 1.6334311962127686, 1.624695062637329, 1.6602779626846313, 1.6351159811019897, 1.6753064393997192, 1.7235913276672363, 1.653907299041748, 1.642446517944336, 1.6401441097259521, 1.7239042520523071, 1.691950798034668, 1.7060478925704956, 1.6788780689239502, 1.7256574630737305, 1.6633058786392212, 1.6900447607040405, 1.6832177639007568, 1.6483851671218872, 1.66797935962677, 1.6428494453430176, 1.6797442436218262, 1.6905591487884521, 1.5774457454681396, 1.596864938735962, 1.565781831741333, 1.5515117645263672, 1.538474678993225, 1.5417976379394531, 1.552915096282959, 1.539075493812561], "final_loss": 7.474065780639648, "file_name": "./losses_and_grad_norms/hd200_nh1_nl1_bs16_gc2.5.png"}