{"losses": [10.883820533752441, 10.820472717285156, 10.782997131347656, 10.730352401733398, 10.680787086486816, 10.634444236755371, 10.581539154052734, 10.52132797241211, 10.459747314453125, 10.404019355773926, 10.339333534240723, 10.282167434692383, 10.222010612487793, 10.169562339782715, 10.112927436828613, 10.112360954284668, 10.055310249328613, 9.991676330566406, 9.947330474853516, 9.899029731750488, 9.859411239624023, 9.885228157043457, 9.841103553771973, 9.754332542419434, 9.69506549835205, 9.646203994750977, 9.63786506652832, 9.58272933959961, 9.635052680969238, 9.594742774963379, 9.533820152282715, 9.521684646606445, 9.446189880371094, 9.42668342590332, 9.400266647338867, 9.317140579223633, 9.29928970336914, 9.244058609008789, 9.2249174118042, 9.237837791442871, 9.180785179138184, 9.146379470825195, 9.105707168579102, 9.07861042022705, 9.038923263549805, 9.009110450744629, 8.99779987335205, 8.924933433532715, 8.8872652053833, 8.870161056518555, 8.840384483337402, 8.806290626525879, 8.750402450561523, 8.702956199645996, 8.641301155090332, 8.598398208618164, 8.569607734680176, 8.577484130859375, 8.537489891052246, 8.499231338500977, 8.418146133422852, 8.381999969482422, 8.3782377243042, 8.418802261352539, 8.377177238464355, 8.33370590209961, 8.304129600524902, 8.277580261230469, 8.250319480895996, 8.207486152648926, 8.149477005004883, 8.138174057006836, 8.095215797424316, 8.062216758728027, 8.019676208496094, 8.0042724609375, 7.992555618286133, 7.968116760253906, 7.943840026855469, 7.900197505950928, 7.88568639755249, 7.837116718292236, 7.852015495300293, 7.79467248916626, 7.800788879394531, 7.736459732055664, 7.698463439941406, 7.704660892486572, 7.679837703704834, 7.620968341827393, 7.600176811218262, 7.557070732116699, 7.605844974517822, 7.548680782318115, 7.522486686706543, 7.538008689880371, 7.48579216003418, 7.4734625816345215, 7.451463222503662, 7.421536445617676], "grad_norms": [1.8879075050354004, 1.705721139907837, 1.8244017362594604, 1.8564136028289795, 1.9551293849945068, 1.9288582801818848, 1.930862307548523, 1.9183471202850342, 1.9010579586029053, 1.852136492729187, 1.838863730430603, 1.7642475366592407, 1.7283942699432373, 1.6896568536758423, 1.6823601722717285, 1.627620816230774, 1.917913556098938, 1.9828364849090576, 1.9300789833068848, 1.9114843606948853, 1.86719810962677, 1.7099249362945557, 1.656479835510254, 1.8245158195495605, 1.9436010122299194, 1.9788951873779297, 1.8989156484603882, 1.9274109601974487, 1.705975890159607, 1.7251209020614624, 1.7738548517227173, 1.6708890199661255, 1.732459545135498, 1.7133744955062866, 1.6764389276504517, 1.7459280490875244, 1.8061559200286865, 1.7982008457183838, 1.7306594848632812, 1.6267622709274292, 1.678157091140747, 1.6580570936203003, 1.6609656810760498, 1.6177818775177002, 1.648013710975647, 1.611555576324463, 1.5804911851882935, 1.6477233171463013, 1.6435812711715698, 1.5879600048065186, 1.625105381011963, 1.5946879386901855, 1.6114633083343506, 2.014353036880493, 1.9476892948150635, 2.0060811042785645, 1.9489070177078247, 1.7304543256759644, 1.716701626777649, 1.8537036180496216, 1.9584382772445679, 1.9758542776107788, 1.8714220523834229, 1.6996194124221802, 1.665235996246338, 1.6543828248977661, 1.6553897857666016, 1.6332638263702393, 1.6405930519104004, 1.6454297304153442, 1.6373435258865356, 1.6310113668441772, 1.675955057144165, 1.6381422281265259, 1.6792645454406738, 1.7273447513580322, 1.654068112373352, 1.6434049606323242, 1.6424158811569214, 1.7214909791946411, 1.6924073696136475, 1.7056965827941895, 1.6786388158798218, 1.7260595560073853, 1.670876145362854, 1.695786952972412, 1.683528184890747, 1.6485196352005005, 1.6691060066223145, 1.6446914672851562, 1.6818139553070068, 1.6914817094802856, 1.5815730094909668, 1.5963515043258667, 1.5661290884017944, 1.5512977838516235, 1.5366007089614868, 1.5404337644577026, 1.5513808727264404, 1.53750741481781], "final_loss": 7.421536445617676, "file_name": "./losses_and_grad_norms/hd200_nh1_nl1_bs16_gc1.5.png"}