{"losses": [10.865010261535645, 10.809837341308594, 10.758209228515625, 10.71402645111084, 10.661820411682129, 10.611763954162598, 10.553293228149414, 10.495553970336914, 10.426218032836914, 10.373614311218262, 10.304765701293945, 10.248981475830078, 10.186656951904297, 10.147913932800293, 10.085613250732422, 10.068842887878418, 10.014342308044434, 9.969634056091309, 9.909455299377441, 9.869065284729004, 9.83642864227295, 9.844533920288086, 9.815531730651855, 9.719484329223633, 9.674972534179688, 9.624381065368652, 9.622092247009277, 9.554681777954102, 9.587921142578125, 9.568741798400879, 9.508842468261719, 9.496835708618164, 9.430477142333984, 9.401923179626465, 9.380354881286621, 9.294137954711914, 9.271864891052246, 9.210058212280273, 9.192639350891113, 9.220365524291992, 9.150138854980469, 9.126580238342285, 9.088643074035645, 9.066770553588867, 9.023467063903809, 8.999711990356445, 8.989419937133789, 8.9244966506958, 8.878653526306152, 8.85165023803711, 8.837105751037598, 8.801166534423828, 8.740134239196777, 8.671257019042969, 8.629718780517578, 8.585433006286621, 8.546595573425293, 8.551065444946289, 8.509332656860352, 8.486104011535645, 8.413949966430664, 8.374505043029785, 8.364532470703125, 8.388120651245117, 8.343591690063477, 8.303543090820312, 8.273133277893066, 8.277079582214355, 8.262742042541504, 8.223376274108887, 8.156307220458984, 8.13790512084961, 8.106867790222168, 8.060959815979004, 8.032288551330566, 7.992182731628418, 7.9586710929870605, 7.931828498840332, 7.909272193908691, 7.896761417388916, 7.871269702911377, 7.821474075317383, 7.833600997924805, 7.772279739379883, 7.778499126434326, 7.7282257080078125, 7.683679580688477, 7.693772315979004, 7.668066024780273, 7.608137607574463, 7.583026885986328, 7.5377326011657715, 7.604616641998291, 7.549149036407471, 7.519825458526611, 7.536223888397217, 7.487064838409424, 7.473053932189941, 7.451189041137695, 7.410974025726318], "grad_norms": [1.9656604528427124, 1.7706869840621948, 1.850541353225708, 1.9202669858932495, 1.9707285165786743, 1.9671554565429688, 1.9588841199874878, 1.936943769454956, 1.9033818244934082, 1.8698171377182007, 1.847296953201294, 1.7724900245666504, 1.7222213745117188, 1.6955269575119019, 1.6709949970245361, 1.6240688562393188, 1.8917654752731323, 1.964737057685852, 1.9191033840179443, 1.9074130058288574, 1.860714316368103, 1.713086724281311, 1.6584498882293701, 1.8219202756881714, 1.9483942985534668, 1.9772228002548218, 1.893447756767273, 1.9231537580490112, 1.7017122507095337, 1.714968204498291, 1.7655479907989502, 1.6674386262893677, 1.7321913242340088, 1.7138068675994873, 1.6745315790176392, 1.7436469793319702, 1.8037559986114502, 1.7986520528793335, 1.7302117347717285, 1.6220543384552002, 1.678433895111084, 1.6566880941390991, 1.6603933572769165, 1.6181542873382568, 1.6467198133468628, 1.611764907836914, 1.5802139043807983, 1.648543119430542, 1.6407599449157715, 1.5861483812332153, 1.6249291896820068, 1.5929112434387207, 1.6090582609176636, 1.9783878326416016, 1.936781883239746, 1.9911669492721558, 1.937461256980896, 1.7253533601760864, 1.7151939868927002, 1.8491241931915283, 1.9502393007278442, 1.9700837135314941, 1.8638616800308228, 1.689135193824768, 1.6581820249557495, 1.648925542831421, 1.6517823934555054, 1.6326605081558228, 1.6357351541519165, 1.6384952068328857, 1.6323068141937256, 1.6230632066726685, 1.6593717336654663, 1.632655143737793, 1.6757612228393555, 1.7206541299819946, 1.6496169567108154, 1.6404356956481934, 1.6383169889450073, 1.721308946609497, 1.6877204179763794, 1.700309157371521, 1.674165964126587, 1.7209171056747437, 1.6602734327316284, 1.6872456073760986, 1.682116985321045, 1.650512456893921, 1.667592167854309, 1.6412256956100464, 1.6773076057434082, 1.6855825185775757, 1.5742483139038086, 1.5924402475357056, 1.5639394521713257, 1.5512584447860718, 1.535239815711975, 1.537803053855896, 1.5492467880249023, 1.5355631113052368], "final_loss": 7.410974025726318, "file_name": "./losses_and_grad_norms/hd200_nh1_nl1_bs16_gc1.png"}