{"losses": [10.866528511047363, 10.771371841430664, 10.6823148727417, 10.606216430664062, 10.531861305236816, 10.475396156311035, 10.417757034301758, 10.351720809936523, 10.300110816955566, 10.257094383239746, 10.19985580444336, 10.152156829833984, 10.110294342041016, 10.083805084228516, 10.036211013793945, 10.024751663208008, 9.980881690979004, 9.919536590576172, 9.880210876464844, 9.840746879577637, 9.815762519836426, 9.831401824951172, 9.801243782043457, 9.710944175720215, 9.657510757446289, 9.592851638793945, 9.600337028503418, 9.53106689453125, 9.590445518493652, 9.569271087646484, 9.506689071655273, 9.501311302185059, 9.431151390075684, 9.408212661743164, 9.389857292175293, 9.296172142028809, 9.26004695892334, 9.215376853942871, 9.200695037841797, 9.240976333618164, 9.17146110534668, 9.150293350219727, 9.1099853515625, 9.097476959228516, 9.048803329467773, 9.023538589477539, 9.019325256347656, 8.94698429107666, 8.909867286682129, 8.887286186218262, 8.867522239685059, 8.827569961547852, 8.777802467346191, 8.702678680419922, 8.655878067016602, 8.611932754516602, 8.586750984191895, 8.588255882263184, 8.54421329498291, 8.531384468078613, 8.44568920135498, 8.411858558654785, 8.400856971740723, 8.430007934570312, 8.388297080993652, 8.351165771484375, 8.315587043762207, 8.316636085510254, 8.310917854309082, 8.257669448852539, 8.202696800231934, 8.18246078491211, 8.143935203552246, 8.11174201965332, 8.0757417678833, 8.039165496826172, 8.020806312561035, 7.995502471923828, 7.969212532043457, 7.959140300750732, 7.941641807556152, 7.886630058288574, 7.897693634033203, 7.842080116271973, 7.8521223068237305, 7.796537399291992, 7.755091190338135, 7.754430770874023, 7.732168674468994, 7.68015193939209, 7.656050205230713, 7.600212097167969, 7.661251068115234, 7.609396457672119, 7.588687419891357, 7.60582160949707, 7.5483598709106445, 7.543370246887207, 7.5142927169799805, 7.475444793701172], "grad_norms": [2.5209662914276123, 2.179283618927002, 2.2100086212158203, 2.0719990730285645, 1.962884783744812, 1.812572717666626, 1.6799662113189697, 1.630934715270996, 1.6351677179336548, 1.6668609380722046, 1.669516921043396, 1.662414312362671, 1.6560618877410889, 1.652357816696167, 1.6594997644424438, 1.6272456645965576, 1.9277392625808716, 1.9660807847976685, 1.9207409620285034, 1.918931007385254, 1.8731955289840698, 1.7573862075805664, 1.6584382057189941, 1.8535488843917847, 1.959173560142517, 1.9883860349655151, 1.9032009840011597, 1.9286537170410156, 1.7226595878601074, 1.7197211980819702, 1.7626242637634277, 1.6585062742233276, 1.7236480712890625, 1.7069236040115356, 1.669846773147583, 1.7501777410507202, 1.8008341789245605, 1.799771785736084, 1.7397807836532593, 1.6760109663009644, 1.7822060585021973, 1.8106486797332764, 1.850274920463562, 1.8106422424316406, 1.8158886432647705, 1.7227953672409058, 1.6710134744644165, 1.7167434692382812, 1.6659842729568481, 1.603995680809021, 1.6410499811172485, 1.6046476364135742, 1.6238069534301758, 2.0054688453674316, 1.9250503778457642, 1.9908086061477661, 1.9490325450897217, 1.7397738695144653, 1.719321608543396, 1.857954978942871, 1.9574557542800903, 1.9748238325119019, 1.881128191947937, 1.703641653060913, 1.6595486402511597, 1.6519356966018677, 1.6608843803405762, 1.640061616897583, 1.6390457153320312, 1.6414463520050049, 1.63911771774292, 1.6368763446807861, 1.6700022220611572, 1.6477913856506348, 1.7280163764953613, 1.9733593463897705, 2.0772621631622314, 2.044813871383667, 1.9521255493164062, 1.9348870515823364, 1.8254210948944092, 1.7924387454986572, 1.755015254020691, 1.7851663827896118, 1.723541021347046, 1.7578564882278442, 1.7300235033035278, 1.6726374626159668, 1.6899003982543945, 1.6648317575454712, 1.7289693355560303, 1.78582763671875, 1.6760220527648926, 1.706874966621399, 1.7071993350982666, 1.752525806427002, 1.7107665538787842, 1.6718388795852661, 1.6610746383666992, 1.6435896158218384], "final_loss": 7.475444793701172, "file_name": "./losses_and_grad_norms/hd200_nh1_nl2_bs16_gc1.5.png"}