{"losses": [10.848567008972168, 10.647019386291504, 10.503228187561035, 10.425515174865723, 10.375447273254395, 10.346870422363281, 10.301839828491211, 10.258347511291504, 10.21608829498291, 10.181110382080078, 10.133848190307617, 10.086400985717773, 10.053717613220215, 10.031030654907227, 9.977659225463867, 9.987154006958008, 9.916759490966797, 9.855179786682129, 9.818225860595703, 9.793498039245605, 9.746435165405273, 9.802936553955078, 9.75725269317627, 9.662781715393066, 9.586167335510254, 9.531517028808594, 9.554046630859375, 9.48474407196045, 9.576312065124512, 9.538854598999023, 9.46906566619873, 9.474053382873535, 9.393524169921875, 9.372051239013672, 9.3737211227417, 9.29747486114502, 9.283357620239258, 9.23616886138916, 9.20731258392334, 9.235380172729492, 9.15080738067627, 9.135737419128418, 9.089103698730469, 9.074382781982422, 9.026113510131836, 9.018202781677246, 9.007801055908203, 8.921168327331543, 8.884239196777344, 8.874343872070312, 8.842267036437988, 8.813746452331543, 8.767498016357422, 8.71310806274414, 8.650734901428223, 8.615523338317871, 8.556451797485352, 8.572465896606445, 8.533260345458984, 8.51229190826416, 8.419276237487793, 8.396696090698242, 8.397359848022461, 8.404233932495117, 8.35824203491211, 8.311299324035645, 8.270362854003906, 8.290579795837402, 8.280475616455078, 8.23273754119873, 8.174187660217285, 8.154802322387695, 8.112727165222168, 8.08138370513916, 8.03541374206543, 8.014684677124023, 7.968100070953369, 7.925209999084473, 7.9063005447387695, 7.910531997680664, 7.89907169342041, 7.8271589279174805, 7.8534440994262695, 7.782280921936035, 7.800529956817627, 7.742727279663086, 7.706036567687988, 7.707231044769287, 7.6696953773498535, 7.626128673553467, 7.590682506561279, 7.542566299438477, 7.610439777374268, 7.550388336181641, 7.534083366394043, 7.567208290100098, 7.4990949630737305, 7.481141567230225, 7.447932243347168, 7.401237964630127], "grad_norms": [4.826998233795166, 2.5202016830444336, 2.0606577396392822, 2.077268600463867, 2.075745105743408, 1.9282013177871704, 1.7585463523864746, 1.7280795574188232, 1.7829101085662842, 1.9573323726654053, 1.949999213218689, 1.9106494188308716, 1.992175817489624, 2.2208898067474365, 2.041499614715576, 1.8725056648254395, 2.025021553039551, 2.089989185333252, 2.052136182785034, 2.0244791507720947, 1.9275929927825928, 1.8328278064727783, 1.6617403030395508, 1.8653607368469238, 1.9357342720031738, 1.969971776008606, 1.9042136669158936, 1.951852560043335, 1.7692995071411133, 1.7477129697799683, 1.7945055961608887, 1.7203911542892456, 1.83647620677948, 1.8995507955551147, 1.8372349739074707, 1.8660938739776611, 1.8924481868743896, 1.9064314365386963, 1.8724629878997803, 1.7605257034301758, 1.7987914085388184, 1.7469362020492554, 1.7390064001083374, 1.6750978231430054, 1.6898674964904785, 1.664707064628601, 1.6217213869094849, 1.7220736742019653, 1.7432852983474731, 1.673063039779663, 1.6828281879425049, 1.6618146896362305, 1.6727030277252197, 2.0406064987182617, 1.942215919494629, 1.9851645231246948, 1.9441676139831543, 1.739882469177246, 1.7215722799301147, 1.859076976776123, 1.9667835235595703, 2.0014591217041016, 1.923169493675232, 1.7289016246795654, 1.7211644649505615, 1.7575721740722656, 1.8299624919891357, 1.850229024887085, 1.7332448959350586, 1.6643555164337158, 1.6717833280563354, 1.6988354921340942, 1.7452433109283447, 1.776001214981079, 1.8392140865325928, 1.8034933805465698, 1.713721513748169, 1.6880712509155273, 1.7218921184539795, 1.9056345224380493, 1.7827770709991455, 1.716099739074707, 1.6881186962127686, 1.7762902975082397, 1.8541622161865234, 1.918749213218689, 1.827001690864563, 1.7360706329345703, 1.7153619527816772, 1.6703799962997437, 1.6940865516662598, 1.7014964818954468, 1.5880872011184692, 1.6343551874160767, 1.9128981828689575, 1.7012434005737305, 1.5486161708831787, 1.568871021270752, 1.5830224752426147, 1.5763500928878784], "final_loss": 7.401237964630127, "file_name": "./losses_and_grad_norms/hd200_nh1_nl10_bs16_gc1.png"}