{"losses": [10.86331558227539, 10.77818489074707, 10.699736595153809, 10.623090744018555, 10.562994956970215, 10.50512409210205, 10.452849388122559, 10.393656730651855, 10.34176254272461, 10.311062812805176, 10.250411033630371, 10.20863151550293, 10.169830322265625, 10.140244483947754, 10.087923049926758, 10.089250564575195, 10.056461334228516, 10.017552375793457, 9.965249061584473, 9.91841983795166, 9.895886421203613, 9.90288257598877, 9.863532066345215, 9.793550491333008, 9.729966163635254, 9.67701244354248, 9.671709060668945, 9.615164756774902, 9.659722328186035, 9.625250816345215, 9.563008308410645, 9.557297706604004, 9.490184783935547, 9.453311920166016, 9.446626663208008, 9.364546775817871, 9.34022331237793, 9.288846015930176, 9.26604175567627, 9.300518989562988, 9.233420372009277, 9.214537620544434, 9.177504539489746, 9.158400535583496, 9.11182689666748, 9.087779998779297, 9.089713096618652, 9.009573936462402, 8.984660148620605, 8.957477569580078, 8.929062843322754, 8.901890754699707, 8.853452682495117, 8.802884101867676, 8.763362884521484, 8.70163345336914, 8.68535041809082, 8.678130149841309, 8.63803482055664, 8.616955757141113, 8.532761573791504, 8.496850967407227, 8.491000175476074, 8.516687393188477, 8.463884353637695, 8.434922218322754, 8.392021179199219, 8.397634506225586, 8.370819091796875, 8.334948539733887, 8.277336120605469, 8.268838882446289, 8.221851348876953, 8.186456680297852, 8.150434494018555, 8.123095512390137, 8.098601341247559, 8.078469276428223, 8.039763450622559, 8.023429870605469, 8.001485824584961, 7.948013782501221, 7.958253860473633, 7.900832176208496, 7.915645599365234, 7.851541519165039, 7.805108070373535, 7.808279514312744, 7.788696765899658, 7.743217468261719, 7.7051801681518555, 7.660467147827148, 7.725939750671387, 7.673362731933594, 7.650631427764893, 7.663562774658203, 7.610080718994141, 7.602916717529297, 7.58140754699707, 7.5349345207214355], "grad_norms": [2.504145622253418, 2.0609428882598877, 2.097343683242798, 2.059525966644287, 1.938480019569397, 1.81455659866333, 1.6798498630523682, 1.6364145278930664, 1.6307106018066406, 1.6729371547698975, 1.677838683128357, 1.6561405658721924, 1.6563416719436646, 1.6455788612365723, 1.6545225381851196, 1.6162341833114624, 1.940520167350769, 1.967682123184204, 1.9172022342681885, 1.9097046852111816, 1.8619216680526733, 1.7596185207366943, 1.6609249114990234, 1.8511921167373657, 1.9603434801101685, 1.980163335800171, 1.895858645439148, 1.9241334199905396, 1.7182130813598633, 1.7099064588546753, 1.7606253623962402, 1.6567339897155762, 1.7235006093978882, 1.7052998542785645, 1.6663565635681152, 1.7384048700332642, 1.7921667098999023, 1.7884238958358765, 1.7227870225906372, 1.6280486583709717, 1.681081771850586, 1.6655856370925903, 1.66765296459198, 1.6185181140899658, 1.6557729244232178, 1.6278026103973389, 1.6020863056182861, 1.6676346063613892, 1.6713281869888306, 1.624767780303955, 1.6540515422821045, 1.6206775903701782, 1.66471266746521, 2.035881519317627, 1.9591701030731201, 2.007434129714966, 1.9613317251205444, 1.7670259475708008, 1.7524648904800415, 1.8847174644470215, 1.980852484703064, 2.01332426071167, 1.9254496097564697, 1.7442290782928467, 1.692771553993225, 1.6833083629608154, 1.6796058416366577, 1.671875238418579, 1.6592185497283936, 1.6673222780227661, 1.6713796854019165, 1.668724536895752, 1.7293072938919067, 1.7294902801513672, 1.8339409828186035, 1.856158971786499, 1.7778747081756592, 1.7124671936035156, 1.6933889389038086, 1.7936890125274658, 1.7690205574035645, 1.7939573526382446, 1.7858282327651978, 1.8399618864059448, 1.7838712930679321, 1.7586108446121216, 1.7147639989852905, 1.6630752086639404, 1.6787009239196777, 1.6552708148956299, 1.6923625469207764, 1.699363350868225, 1.588648796081543, 1.6103936433792114, 1.5820590257644653, 1.5651392936706543, 1.5501247644424438, 1.55372953414917, 1.5709106922149658, 1.5620869398117065], "final_loss": 7.5349345207214355, "file_name": "./losses_and_grad_norms/hd200_nh1_nl2_bs16_gc2.5.png"}