{"losses": [10.860713958740234, 10.776556015014648, 10.695114135742188, 10.630434036254883, 10.553999900817871, 10.496124267578125, 10.440437316894531, 10.383042335510254, 10.325577735900879, 10.278444290161133, 10.21933650970459, 10.175139427185059, 10.13862419128418, 10.106125831604004, 10.053986549377441, 10.0684232711792, 10.011211395263672, 9.9474515914917, 9.916751861572266, 9.872523307800293, 9.845047950744629, 9.876470565795898, 9.841768264770508, 9.740327835083008, 9.67007827758789, 9.628376960754395, 9.610955238342285, 9.567262649536133, 9.641230583190918, 9.591218948364258, 9.524191856384277, 9.5205078125, 9.45064640045166, 9.42774772644043, 9.406974792480469, 9.313617706298828, 9.280244827270508, 9.239848136901855, 9.226075172424316, 9.2619047164917, 9.193588256835938, 9.172698974609375, 9.133909225463867, 9.119283676147461, 9.07180118560791, 9.051545143127441, 9.044560432434082, 8.96744441986084, 8.928994178771973, 8.909961700439453, 8.879861831665039, 8.857176780700684, 8.803799629211426, 8.739579200744629, 8.680057525634766, 8.63683032989502, 8.616793632507324, 8.622883796691895, 8.585524559020996, 8.557429313659668, 8.463793754577637, 8.428487777709961, 8.431739807128906, 8.476544380187988, 8.42691421508789, 8.39087200164795, 8.368132591247559, 8.354827880859375, 8.342072486877441, 8.296712875366211, 8.240194320678711, 8.2239408493042, 8.181282997131348, 8.145380020141602, 8.105874061584473, 8.068891525268555, 8.066497802734375, 8.042445182800293, 8.010248184204102, 7.980728626251221, 7.968112468719482, 7.908184051513672, 7.923213481903076, 7.865026950836182, 7.877695560455322, 7.820459842681885, 7.774174213409424, 7.775919437408447, 7.7566986083984375, 7.709437370300293, 7.669093132019043, 7.6238932609558105, 7.693037509918213, 7.6339216232299805, 7.611503601074219, 7.627842903137207, 7.575894832611084, 7.567263126373291, 7.539285182952881, 7.493907451629639], "grad_norms": [2.350314140319824, 2.006037473678589, 2.0834801197052, 2.005164623260498, 1.9150738716125488, 1.7455213069915771, 1.6569492816925049, 1.6032154560089111, 1.6212233304977417, 1.6413224935531616, 1.662992000579834, 1.6521395444869995, 1.6453264951705933, 1.6438153982162476, 1.653935194015503, 1.621739387512207, 1.9222640991210938, 1.9719207286834717, 1.9189282655715942, 1.9118982553482056, 1.8663333654403687, 1.7585936784744263, 1.6605234146118164, 1.8504364490509033, 1.9613957405090332, 1.9847546815872192, 1.8969212770462036, 1.9299067258834839, 1.7102447748184204, 1.7198156118392944, 1.7673743963241577, 1.6610320806503296, 1.7239183187484741, 1.70479154586792, 1.668227195739746, 1.7394905090332031, 1.805031180381775, 1.8128808736801147, 1.7570527791976929, 1.734565019607544, 1.9113919734954834, 1.8631659746170044, 1.771818995475769, 1.6766443252563477, 1.6901534795761108, 1.6708928346633911, 1.6270955801010132, 1.6820461750030518, 1.6644352674484253, 1.6114271879196167, 1.6452460289001465, 1.626316785812378, 1.671061635017395, 2.014817237854004, 1.933754801750183, 1.9855901002883911, 1.9404069185256958, 1.7449424266815186, 1.722160816192627, 1.8560847043991089, 1.9626878499984741, 1.998880386352539, 1.928566813468933, 1.7567970752716064, 1.7476307153701782, 1.7550524473190308, 1.7848632335662842, 1.813595175743103, 1.7667039632797241, 1.7874606847763062, 1.7930811643600464, 1.7719305753707886, 1.803863525390625, 1.748650074005127, 1.7791528701782227, 1.778649091720581, 1.7119176387786865, 1.6790012121200562, 1.6794894933700562, 1.7746586799621582, 1.7355735301971436, 1.7589380741119385, 1.718363642692566, 1.7516087293624878, 1.6902705430984497, 1.7157562971115112, 1.7129465341567993, 1.6810436248779297, 1.7020132541656494, 1.6776890754699707, 1.722847580909729, 1.742244005203247, 1.637192964553833, 1.6550660133361816, 1.6298797130584717, 1.6495709419250488, 1.632248044013977, 1.6260335445404053, 1.6444251537322998, 1.6197694540023804], "final_loss": 7.493907451629639, "file_name": "./losses_and_grad_norms/hd200_nh1_nl2_bs16_gc1.png"}