{"losses": [10.842461585998535, 10.631217956542969, 10.50467300415039, 10.426931381225586, 10.376738548278809, 10.343832015991211, 10.29780387878418, 10.264533042907715, 10.223332405090332, 10.18960952758789, 10.15293025970459, 10.115614891052246, 10.07162094116211, 10.028964042663574, 9.99182415008545, 10.006831169128418, 9.945806503295898, 9.88066291809082, 9.826130867004395, 9.802682876586914, 9.769974708557129, 9.809051513671875, 9.768061637878418, 9.672137260437012, 9.59876823425293, 9.540505409240723, 9.562094688415527, 9.49651050567627, 9.589950561523438, 9.555180549621582, 9.495894432067871, 9.495265007019043, 9.418448448181152, 9.393186569213867, 9.374155044555664, 9.285394668579102, 9.27463150024414, 9.224693298339844, 9.207398414611816, 9.23690128326416, 9.1716947555542, 9.146954536437988, 9.105732917785645, 9.078914642333984, 9.039247512817383, 9.025530815124512, 9.016836166381836, 8.930855751037598, 8.89997386932373, 8.890037536621094, 8.855831146240234, 8.823479652404785, 8.775031089782715, 8.725295066833496, 8.66226577758789, 8.626618385314941, 8.589367866516113, 8.591575622558594, 8.551932334899902, 8.529083251953125, 8.43713665008545, 8.40835952758789, 8.407737731933594, 8.417428016662598, 8.380056381225586, 8.332897186279297, 8.300631523132324, 8.315085411071777, 8.3102445602417, 8.247974395751953, 8.193251609802246, 8.179709434509277, 8.133605003356934, 8.107884407043457, 8.049564361572266, 8.023036003112793, 7.994239807128906, 7.9538984298706055, 7.937638759613037, 7.9279961585998535, 7.918776988983154, 7.856123924255371, 7.875033855438232, 7.806308746337891, 7.8224945068359375, 7.74656343460083, 7.720907688140869, 7.721328258514404, 7.692971229553223, 7.644745826721191, 7.61888313293457, 7.560138702392578, 7.640183448791504, 7.572563648223877, 7.55602502822876, 7.571237564086914, 7.519451141357422, 7.508521556854248, 7.475846290588379, 7.430990219116211], "grad_norms": [4.253213882446289, 2.490598678588867, 2.1510486602783203, 2.048574447631836, 1.9667761325836182, 1.8490290641784668, 1.7441741228103638, 1.731879472732544, 1.8088752031326294, 1.9285356998443604, 1.8848093748092651, 1.8060938119888306, 1.7783170938491821, 1.8307697772979736, 1.9374786615371704, 2.171851873397827, 2.38844633102417, 2.2531774044036865, 2.0882599353790283, 2.0575742721557617, 1.934001088142395, 1.758091926574707, 1.6494795083999634, 1.8923989534378052, 1.9649581909179688, 2.0246615409851074, 1.9697085618972778, 2.0101799964904785, 1.7804700136184692, 1.762765884399414, 1.8044724464416504, 1.7247469425201416, 1.814440131187439, 1.7843527793884277, 1.7402594089508057, 1.7992531061172485, 1.8483402729034424, 1.875495433807373, 1.8771083354949951, 1.8028578758239746, 1.8933435678482056, 1.8162298202514648, 1.7481393814086914, 1.6854428052902222, 1.74929678440094, 1.741164207458496, 1.687923550605774, 1.7909678220748901, 1.740668773651123, 1.6480672359466553, 1.6578258275985718, 1.6679965257644653, 1.7176560163497925, 2.1060545444488525, 1.9821933507919312, 2.0171024799346924, 1.9639617204666138, 1.738702654838562, 1.7286664247512817, 1.8651840686798096, 1.9717673063278198, 1.999734878540039, 1.9099693298339844, 1.7158575057983398, 1.7210569381713867, 1.8407944440841675, 1.908547043800354, 1.810200810432434, 1.730548620223999, 1.679153323173523, 1.6755011081695557, 1.661975622177124, 1.7018975019454956, 1.6638725996017456, 1.7137799263000488, 1.8132377862930298, 1.7647351026535034, 1.832215666770935, 1.8718717098236084, 1.8868786096572876, 1.7794477939605713, 1.7274556159973145, 1.6847718954086304, 1.7215752601623535, 1.6691856384277344, 1.6931077241897583, 1.6918344497680664, 1.6646398305892944, 1.7019015550613403, 1.7103960514068604, 1.7719625234603882, 1.8054877519607544, 1.6784958839416504, 1.6525477170944214, 1.618985652923584, 1.6185168027877808, 1.615188717842102, 1.621665596961975, 1.628380537033081, 1.5784833431243896], "final_loss": 7.430990219116211, "file_name": "./losses_and_grad_norms/hd200_nh1_nl10_bs16_gc1.5.png"}