{"losses": [10.833810806274414, 10.830696105957031, 10.826400756835938, 10.825995445251465, 10.82524299621582, 10.819278717041016, 10.820234298706055, 10.81563663482666, 10.81136703491211, 10.811163902282715, 10.809388160705566, 10.806833267211914, 10.801669120788574, 10.796989440917969, 10.791181564331055, 10.788604736328125, 10.7818603515625, 10.774277687072754, 10.767520904541016, 10.760289192199707, 10.751420021057129, 10.742630958557129, 10.733033180236816, 10.719416618347168, 10.702433586120605, 10.691089630126953, 10.685132026672363, 10.666850090026855, 10.665018081665039, 10.662710189819336, 10.646717071533203, 10.639754295349121, 10.624242782592773, 10.612541198730469, 10.600645065307617, 10.577022552490234, 10.565353393554688, 10.55368423461914, 10.544534683227539, 10.546815872192383, 10.536563873291016, 10.524259567260742, 10.51294994354248, 10.504375457763672, 10.495699882507324, 10.482889175415039, 10.4840726852417, 10.465086936950684, 10.452040672302246, 10.446049690246582, 10.442438125610352, 10.429448127746582, 10.414273262023926, 10.39548110961914, 10.378120422363281, 10.372572898864746, 10.358343124389648, 10.354471206665039, 10.346577644348145, 10.332291603088379, 10.314369201660156, 10.30406665802002, 10.29987907409668, 10.303762435913086, 10.297560691833496, 10.284039497375488, 10.27354621887207, 10.273679733276367, 10.267415046691895, 10.255722045898438, 10.239402770996094, 10.237780570983887, 10.222490310668945, 10.215532302856445, 10.20242691040039, 10.179603576660156, 10.180039405822754, 10.17401123046875, 10.165063858032227, 10.160490989685059, 10.15985107421875, 10.147114753723145, 10.145039558410645, 10.127182960510254, 10.125127792358398, 10.114441871643066, 10.099573135375977, 10.09979248046875, 10.093430519104004, 10.07851505279541, 10.066402435302734, 10.057600021362305, 10.059956550598145, 10.048611640930176, 10.042844772338867, 10.039092063903809, 10.027204513549805, 10.021251678466797, 10.009605407714844, 9.996811866760254], "grad_norms": [0.7497852444648743, 0.6122491955757141, 0.6575974822044373, 0.6532403230667114, 0.6655651330947876, 0.6769360303878784, 0.6994589567184448, 0.6964765787124634, 0.7406887412071228, 0.7908386588096619, 0.7950153946876526, 0.8191794157028198, 0.8669302463531494, 0.9072239995002747, 0.9282916188240051, 0.9601366519927979, 1.0963810682296753, 1.2359520196914673, 1.2471669912338257, 1.2756621837615967, 1.2660585641860962, 1.1923640966415405, 1.1629372835159302, 1.2770671844482422, 1.3215811252593994, 1.3179514408111572, 1.2738968133926392, 1.223931074142456, 1.073176622390747, 1.0334423780441284, 1.030261516571045, 0.9809266924858093, 0.9598841667175293, 0.9093238115310669, 0.892005205154419, 0.8783538937568665, 0.8930388689041138, 0.8857389092445374, 0.8353239297866821, 0.7825096845626831, 0.7873391509056091, 0.7719511985778809, 0.7694409489631653, 0.7512125968933105, 0.754247784614563, 0.7429726123809814, 0.7281824946403503, 0.7513625025749207, 0.7479723691940308, 0.7210153341293335, 0.7402681708335876, 0.7257829904556274, 0.7311651110649109, 0.8816143870353699, 0.8723587393760681, 0.8987105488777161, 0.8725512623786926, 0.7780184149742126, 0.7783911824226379, 0.8364171385765076, 0.8840643763542175, 0.8926329016685486, 0.8473557233810425, 0.7601538300514221, 0.7533195614814758, 0.7540148496627808, 0.7566283345222473, 0.7450598478317261, 0.7533154487609863, 0.7561532855033875, 0.7531306743621826, 0.7517083883285522, 0.7662978172302246, 0.755866527557373, 0.773919939994812, 0.7912731170654297, 0.7611595392227173, 0.7617260813713074, 0.7613611817359924, 0.7930910587310791, 0.78489750623703, 0.7916156053543091, 0.7806144952774048, 0.8030722141265869, 0.777245044708252, 0.78914874792099, 0.7888393402099609, 0.774247944355011, 0.7843605279922485, 0.775434672832489, 0.7922159433364868, 0.7977758646011353, 0.7516478300094604, 0.7645953893661499, 0.7534043192863464, 0.74753737449646, 0.7434754967689514, 0.7459306120872498, 0.7517169713973999, 0.7467383742332458], "final_loss": 9.996811866760254, "file_name": "./losses_and_grad_norms/hd40_nh10_nl1_bs16_gc1.5.png"}