{"losses": [10.832039833068848, 10.830399513244629, 10.830368041992188, 10.827412605285645, 10.824440956115723, 10.822643280029297, 10.817723274230957, 10.816448211669922, 10.81170654296875, 10.80901050567627, 10.803945541381836, 10.802909851074219, 10.795924186706543, 10.790983200073242, 10.784048080444336, 10.78299331665039, 10.771574020385742, 10.758996963500977, 10.750393867492676, 10.742177963256836, 10.73006820678711, 10.735930442810059, 10.726338386535645, 10.699312210083008, 10.683774948120117, 10.665979385375977, 10.656655311584473, 10.640583992004395, 10.653740882873535, 10.643956184387207, 10.628067016601562, 10.61745548248291, 10.60328483581543, 10.596001625061035, 10.584610939025879, 10.558646202087402, 10.547465324401855, 10.532957077026367, 10.525407791137695, 10.532731056213379, 10.519096374511719, 10.507262229919434, 10.497426986694336, 10.487709999084473, 10.476243019104004, 10.468515396118164, 10.462613105773926, 10.448655128479004, 10.437806129455566, 10.43100643157959, 10.42384147644043, 10.413989067077637, 10.398640632629395, 10.367721557617188, 10.363661766052246, 10.351415634155273, 10.342302322387695, 10.34286880493164, 10.3268461227417, 10.317251205444336, 10.295076370239258, 10.290740013122559, 10.28117561340332, 10.294889450073242, 10.285911560058594, 10.2750883102417, 10.263835906982422, 10.263752937316895, 10.258733749389648, 10.250332832336426, 10.231481552124023, 10.229313850402832, 10.219650268554688, 10.206339836120605, 10.197397232055664, 10.175825119018555, 10.17489242553711, 10.1664400100708, 10.158990859985352, 10.155898094177246, 10.147551536560059, 10.139631271362305, 10.137721061706543, 10.122570991516113, 10.122457504272461, 10.107789039611816, 10.091280937194824, 10.098115921020508, 10.082706451416016, 10.070158004760742, 10.063010215759277, 10.054232597351074, 10.058479309082031, 10.045573234558105, 10.033463478088379, 10.0338716506958, 10.024271011352539, 10.017471313476562, 10.007153511047363, 9.993901252746582], "grad_norms": [0.8113622069358826, 0.7219120860099792, 0.7369383573532104, 0.748184323310852, 0.7726703882217407, 0.7890147566795349, 0.7802150845527649, 0.81620192527771, 0.8437039852142334, 0.8635079264640808, 0.8877655267715454, 0.9329696297645569, 0.9740832448005676, 1.0005508661270142, 1.0431749820709229, 1.0605483055114746, 1.2270045280456543, 1.3095513582229614, 1.3356751203536987, 1.372960090637207, 1.3486369848251343, 1.233178734779358, 1.2249913215637207, 1.2970654964447021, 1.3170087337493896, 1.287169098854065, 1.2488106489181519, 1.192613124847412, 1.0846844911575317, 1.0263303518295288, 1.0024393796920776, 0.9277722239494324, 0.9383314251899719, 0.9025045037269592, 0.8660240173339844, 0.8499500751495361, 0.8699452877044678, 0.8569942116737366, 0.8255246877670288, 0.7749749422073364, 0.7843191027641296, 0.7714171409606934, 0.7660380601882935, 0.7457589507102966, 0.7564111948013306, 0.740729033946991, 0.7268335223197937, 0.7501612901687622, 0.7460331916809082, 0.7215998768806458, 0.7379258275032043, 0.724638044834137, 0.731091320514679, 0.8803771138191223, 0.875166118144989, 0.8965126872062683, 0.8752758502960205, 0.7802770733833313, 0.7775768637657166, 0.8375846743583679, 0.883483350276947, 0.8950989246368408, 0.8467944264411926, 0.7637019753456116, 0.7589586973190308, 0.759132444858551, 0.7621484398841858, 0.7444255352020264, 0.7510801553726196, 0.7548353672027588, 0.7523651719093323, 0.7501686811447144, 0.7655617594718933, 0.7550663948059082, 0.7734721899032593, 0.7894284725189209, 0.7645212411880493, 0.7646291255950928, 0.7636169791221619, 0.7934057712554932, 0.785003125667572, 0.7917661070823669, 0.7811989784240723, 0.8025989532470703, 0.7777031064033508, 0.7900835275650024, 0.788487434387207, 0.7743422985076904, 0.784365713596344, 0.7756971120834351, 0.7921003103256226, 0.7975541353225708, 0.7500699162483215, 0.7642332911491394, 0.7526947855949402, 0.747119128704071, 0.7431231737136841, 0.7450637221336365, 0.7515112161636353, 0.7464960217475891], "final_loss": 9.993901252746582, "file_name": "./losses_and_grad_norms/hd40_nh1_nl1_bs16_gc2.5.png"}