{"losses": [10.837841987609863, 10.835234642028809, 10.831568717956543, 10.829347610473633, 10.827654838562012, 10.823524475097656, 10.819920539855957, 10.820457458496094, 10.815108299255371, 10.812026023864746, 10.80600357055664, 10.80378532409668, 10.798166275024414, 10.791831016540527, 10.784439086914062, 10.785393714904785, 10.770524978637695, 10.76183795928955, 10.751941680908203, 10.743502616882324, 10.732471466064453, 10.729798316955566, 10.72661304473877, 10.698381423950195, 10.683544158935547, 10.666144371032715, 10.658646583557129, 10.638700485229492, 10.646934509277344, 10.636724472045898, 10.617180824279785, 10.61056900024414, 10.591829299926758, 10.5813570022583, 10.577681541442871, 10.553288459777832, 10.539861679077148, 10.526300430297852, 10.519491195678711, 10.52424430847168, 10.506246566772461, 10.494138717651367, 10.486017227172852, 10.479389190673828, 10.465682983398438, 10.458972930908203, 10.455676078796387, 10.439604759216309, 10.424850463867188, 10.419434547424316, 10.416126251220703, 10.403247833251953, 10.395176887512207, 10.370577812194824, 10.361471176147461, 10.348541259765625, 10.339041709899902, 10.33646297454834, 10.324182510375977, 10.315791130065918, 10.3002290725708, 10.290671348571777, 10.28637409210205, 10.285107612609863, 10.275558471679688, 10.266047477722168, 10.25949764251709, 10.25523853302002, 10.248862266540527, 10.239042282104492, 10.225945472717285, 10.218503952026367, 10.207417488098145, 10.200090408325195, 10.191033363342285, 10.173307418823242, 10.168221473693848, 10.162652015686035, 10.15445327758789, 10.14268684387207, 10.136292457580566, 10.125188827514648, 10.124176979064941, 10.108951568603516, 10.11054515838623, 10.09125804901123, 10.08141040802002, 10.084781646728516, 10.074053764343262, 10.058192253112793, 10.052226066589355, 10.039366722106934, 10.047606468200684, 10.036080360412598, 10.026971817016602, 10.02540397644043, 10.012897491455078, 10.011878967285156, 10.00059986114502, 9.984703063964844], "grad_norms": [0.9201188087463379, 0.8563134074211121, 0.8962863683700562, 0.8855754137039185, 0.9074320793151855, 0.9017929434776306, 0.9446794390678406, 0.9621049165725708, 0.9866259694099426, 1.0274064540863037, 1.080596685409546, 1.1052988767623901, 1.1355528831481934, 1.1620820760726929, 1.21413254737854, 1.2376552820205688, 1.356154203414917, 1.4188538789749146, 1.458854079246521, 1.4760538339614868, 1.4474725723266602, 1.446750521659851, 1.4461203813552856, 1.4279693365097046, 1.4245262145996094, 1.4009891748428345, 1.330357313156128, 1.267512559890747, 1.2337474822998047, 1.1494781970977783, 1.0844193696975708, 1.0503612756729126, 1.0133551359176636, 0.973233163356781, 0.9311269521713257, 0.9162755012512207, 0.9035008549690247, 0.8975329995155334, 0.8523674607276917, 0.7921462059020996, 0.8029265403747559, 0.787939190864563, 0.7801093459129333, 0.7595672607421875, 0.7649362683296204, 0.7517219185829163, 0.7325440049171448, 0.7564497590065002, 0.7499969601631165, 0.7292496562004089, 0.7417919635772705, 0.7295807003974915, 0.7345253825187683, 0.8805227875709534, 0.8719657063484192, 0.8989031314849854, 0.8739530444145203, 0.7791110873222351, 0.7789414525032043, 0.838975191116333, 0.8834115266799927, 0.8928780555725098, 0.8460068106651306, 0.7611870169639587, 0.7548014521598816, 0.7554487586021423, 0.7583744525909424, 0.7467705607414246, 0.7541792988777161, 0.7594035863876343, 0.7562166452407837, 0.7535479068756104, 0.768014132976532, 0.7586325407028198, 0.7756474614143372, 0.7916444540023804, 0.7617132067680359, 0.762401282787323, 0.7624086141586304, 0.7939487099647522, 0.7859448790550232, 0.7937082648277283, 0.7824882864952087, 0.804172933101654, 0.7789240479469299, 0.7913365364074707, 0.7903587818145752, 0.7760314345359802, 0.7863318920135498, 0.7775499820709229, 0.7938116788864136, 0.7991582155227661, 0.751783013343811, 0.7651617527008057, 0.7541028261184692, 0.7488499283790588, 0.7443559169769287, 0.7464781403541565, 0.75311678647995, 0.7476520538330078], "final_loss": 9.984703063964844, "file_name": "./losses_and_grad_norms/hd40_nh10_nl1_bs16_gc2.5.png"}