{"losses": [10.831999778747559, 10.825006484985352, 10.822210311889648, 10.819028854370117, 10.815385818481445, 10.809908866882324, 10.805452346801758, 10.800576210021973, 10.796964645385742, 10.78945255279541, 10.781935691833496, 10.772943496704102, 10.764232635498047, 10.757040977478027, 10.744817733764648, 10.737549781799316, 10.721467971801758, 10.71242618560791, 10.695818901062012, 10.687217712402344, 10.675594329833984, 10.672175407409668, 10.661940574645996, 10.642533302307129, 10.628718376159668, 10.613986015319824, 10.612239837646484, 10.600064277648926, 10.604415893554688, 10.596842765808105, 10.58587646484375, 10.583710670471191, 10.567514419555664, 10.560480117797852, 10.554708480834961, 10.53242015838623, 10.525736808776855, 10.514708518981934, 10.513203620910645, 10.516199111938477, 10.50057315826416, 10.495733261108398, 10.4862060546875, 10.480888366699219, 10.471100807189941, 10.462469100952148, 10.459184646606445, 10.444266319274902, 10.439291000366211, 10.434642791748047, 10.423744201660156, 10.414727210998535, 10.404868125915527, 10.388284683227539, 10.377272605895996, 10.368575096130371, 10.359598159790039, 10.359394073486328, 10.346288681030273, 10.339607238769531, 10.326699256896973, 10.313196182250977, 10.306540489196777, 10.308773040771484, 10.301748275756836, 10.29038143157959, 10.282879829406738, 10.280115127563477, 10.274749755859375, 10.263468742370605, 10.253929138183594, 10.24935245513916, 10.238419532775879, 10.228093147277832, 10.219191551208496, 10.210556030273438, 10.196130752563477, 10.191882133483887, 10.187307357788086, 10.179049491882324, 10.171429634094238, 10.160447120666504, 10.159716606140137, 10.144875526428223, 10.148136138916016, 10.132152557373047, 10.122303009033203, 10.118257522583008, 10.109313011169434, 10.098705291748047, 10.086736679077148, 10.072951316833496, 10.08543586730957, 10.071460723876953, 10.063821792602539, 10.06695556640625, 10.049344062805176, 10.042729377746582, 10.036872863769531, 10.029139518737793], "grad_norms": [1.05540931224823, 0.8972291350364685, 0.9504464864730835, 0.9422110319137573, 0.977715253829956, 0.9956595301628113, 1.0181615352630615, 1.146334171295166, 1.173313021659851, 1.262852668762207, 1.216243028640747, 1.293068289756775, 1.344549536705017, 1.3190879821777344, 1.286026120185852, 1.2834041118621826, 1.2891255617141724, 1.2220252752304077, 1.1710082292556763, 1.1190670728683472, 0.9913156032562256, 0.8894041776657104, 0.8201665878295898, 0.8663217425346375, 0.901824414730072, 0.9045172333717346, 0.8713597655296326, 0.8825452327728271, 0.7625971436500549, 0.7818528413772583, 0.7983185052871704, 0.7600371241569519, 0.7761600613594055, 0.7709165811538696, 0.7514838576316833, 0.774675726890564, 0.7999311685562134, 0.8006049990653992, 0.7673556804656982, 0.7261810302734375, 0.7498445510864258, 0.7410628199577332, 0.7433125376701355, 0.7238454222679138, 0.7400312423706055, 0.7207759022712708, 0.7109189629554749, 0.7393536567687988, 0.7354432344436646, 0.7142767310142517, 0.7300727963447571, 0.7193745374679565, 0.7256854176521301, 0.8849993944168091, 0.876796543598175, 0.8961793184280396, 0.8764106035232544, 0.7791071534156799, 0.7779163718223572, 0.8377004861831665, 0.88404780626297, 0.8941375017166138, 0.8461422920227051, 0.765031635761261, 0.7582411170005798, 0.7566874623298645, 0.7582024931907654, 0.7465298771858215, 0.7551800608634949, 0.7568915486335754, 0.753830075263977, 0.7511277198791504, 0.7665327787399292, 0.7553566098213196, 0.7738164663314819, 0.790359616279602, 0.7623189091682434, 0.7611844539642334, 0.7616846561431885, 0.7947422862052917, 0.7842943668365479, 0.7924671173095703, 0.7814316749572754, 0.8035480380058289, 0.7783632874488831, 0.7897711992263794, 0.7884910106658936, 0.7744773626327515, 0.7842397093772888, 0.7756451368331909, 0.792214572429657, 0.7981866598129272, 0.7508695721626282, 0.7637879252433777, 0.7517444491386414, 0.7461441159248352, 0.7416828274726868, 0.7441877126693726, 0.75038081407547, 0.7454345226287842], "final_loss": 10.029139518737793, "file_name": "./losses_and_grad_norms/hd40_nh5_nl2_bs16_gc2.5.png"}