{"losses": [10.835723876953125, 10.830946922302246, 10.828014373779297, 10.825435638427734, 10.82352352142334, 10.813323974609375, 10.81060791015625, 10.803627014160156, 10.800922393798828, 10.791629791259766, 10.784823417663574, 10.777766227722168, 10.767992973327637, 10.76074504852295, 10.746269226074219, 10.736892700195312, 10.726244926452637, 10.714821815490723, 10.704574584960938, 10.687804222106934, 10.682941436767578, 10.667441368103027, 10.656013488769531, 10.64338493347168, 10.630145072937012, 10.622424125671387, 10.613691329956055, 10.598210334777832, 10.595385551452637, 10.588939666748047, 10.578147888183594, 10.572966575622559, 10.558089256286621, 10.551362037658691, 10.543534278869629, 10.524578094482422, 10.522492408752441, 10.504548072814941, 10.502615928649902, 10.50304889678955, 10.489129066467285, 10.479719161987305, 10.472634315490723, 10.463705062866211, 10.454766273498535, 10.450445175170898, 10.446764945983887, 10.431840896606445, 10.420586585998535, 10.415155410766602, 10.4120512008667, 10.402688980102539, 10.386919021606445, 10.378113746643066, 10.366683006286621, 10.36083984375, 10.350509643554688, 10.343037605285645, 10.332791328430176, 10.325379371643066, 10.313383102416992, 10.304786682128906, 10.298080444335938, 10.296215057373047, 10.28732967376709, 10.273900032043457, 10.269222259521484, 10.266805648803711, 10.264826774597168, 10.252653121948242, 10.241202354431152, 10.236579895019531, 10.226785659790039, 10.21464729309082, 10.206761360168457, 10.192146301269531, 10.184380531311035, 10.180452346801758, 10.173111915588379, 10.166743278503418, 10.163117408752441, 10.15183162689209, 10.150683403015137, 10.138677597045898, 10.13383674621582, 10.122103691101074, 10.111922264099121, 10.111952781677246, 10.102032661437988, 10.090493202209473, 10.081912994384766, 10.070088386535645, 10.077096939086914, 10.064074516296387, 10.056090354919434, 10.056809425354004, 10.044636726379395, 10.035991668701172, 10.028109550476074, 10.016162872314453], "grad_norms": [0.9729762077331543, 0.9605059027671814, 1.0146982669830322, 0.962986409664154, 1.0407146215438843, 1.0492881536483765, 1.1103332042694092, 1.1412384510040283, 1.2618314027786255, 1.2818520069122314, 1.3908382654190063, 1.4133572578430176, 1.4289369583129883, 1.4373294115066528, 1.3881142139434814, 1.30876886844635, 1.3135271072387695, 1.3658703565597534, 1.2179958820343018, 1.1221697330474854, 1.0815281867980957, 0.9178465008735657, 0.8528589606285095, 0.9172758460044861, 0.9307407736778259, 0.929684042930603, 0.8885828852653503, 0.8863781094551086, 0.7891349792480469, 0.7926598787307739, 0.8012401461601257, 0.7687386870384216, 0.7865918874740601, 0.7735813856124878, 0.7555126547813416, 0.781253457069397, 0.8053648471832275, 0.8058740496635437, 0.7766726613044739, 0.7275209426879883, 0.7509806156158447, 0.7440022230148315, 0.7438663840293884, 0.7275570034980774, 0.7408080101013184, 0.7251389622688293, 0.7127978801727295, 0.7419773936271667, 0.7383556962013245, 0.7157593369483948, 0.7333637475967407, 0.7205358743667603, 0.7275417447090149, 0.8853682279586792, 0.876622200012207, 0.8991599678993225, 0.8766409158706665, 0.7792900204658508, 0.7791945934295654, 0.8390740752220154, 0.8865848183631897, 0.8953238129615784, 0.8489235639572144, 0.7652680277824402, 0.7600520849227905, 0.7584832906723022, 0.7584015130996704, 0.748042106628418, 0.7579830288887024, 0.759902834892273, 0.7547290325164795, 0.7542570233345032, 0.7673276662826538, 0.7572014331817627, 0.7760290503501892, 0.7952036261558533, 0.7645951509475708, 0.763433575630188, 0.7630265355110168, 0.7966943383216858, 0.7866789698600769, 0.7953230738639832, 0.7838646173477173, 0.8048202395439148, 0.7793965935707092, 0.7912676334381104, 0.7897690534591675, 0.7761693596839905, 0.7856459617614746, 0.7778750061988831, 0.7937602996826172, 0.7993141412734985, 0.7523193359375, 0.766377329826355, 0.7538727521896362, 0.7477139830589294, 0.7432162165641785, 0.746137797832489, 0.75226891040802, 0.7471712827682495], "final_loss": 10.016162872314453, "file_name": "./losses_and_grad_norms/hd40_nh20_nl2_bs16_gc2.5.png"}