{"losses": [10.83481502532959, 10.831291198730469, 10.831897735595703, 10.828564643859863, 10.825119018554688, 10.822815895080566, 10.822810173034668, 10.813788414001465, 10.814604759216309, 10.80948543548584, 10.807750701904297, 10.801436424255371, 10.79626178741455, 10.791430473327637, 10.789108276367188, 10.786526679992676, 10.77894115447998, 10.772784233093262, 10.767035484313965, 10.756710052490234, 10.747122764587402, 10.745546340942383, 10.738065719604492, 10.719594955444336, 10.705159187316895, 10.693634033203125, 10.687226295471191, 10.667378425598145, 10.672847747802734, 10.657715797424316, 10.646944999694824, 10.637674331665039, 10.618907928466797, 10.606696128845215, 10.597683906555176, 10.574517250061035, 10.564814567565918, 10.553145408630371, 10.543054580688477, 10.542795181274414, 10.53071403503418, 10.518085479736328, 10.506735801696777, 10.49896240234375, 10.48832893371582, 10.484542846679688, 10.47662353515625, 10.462263107299805, 10.450718879699707, 10.441902160644531, 10.437398910522461, 10.423982620239258, 10.412537574768066, 10.395064353942871, 10.386354446411133, 10.374954223632812, 10.358344078063965, 10.360530853271484, 10.347625732421875, 10.342288970947266, 10.321146965026855, 10.3087158203125, 10.30462646484375, 10.302793502807617, 10.296041488647461, 10.284684181213379, 10.277277946472168, 10.275033950805664, 10.26844596862793, 10.258162498474121, 10.244861602783203, 10.239439964294434, 10.225968360900879, 10.218969345092773, 10.202552795410156, 10.18844223022461, 10.18309211730957, 10.173931121826172, 10.169451713562012, 10.153809547424316, 10.152460098266602, 10.139884948730469, 10.140769004821777, 10.125459671020508, 10.11876392364502, 10.105175971984863, 10.092533111572266, 10.092974662780762, 10.08576774597168, 10.070554733276367, 10.059863090515137, 10.049294471740723, 10.060994148254395, 10.048234939575195, 10.04002571105957, 10.04189682006836, 10.02541446685791, 10.020515441894531, 10.010595321655273, 9.996777534484863], "grad_norms": [0.7286203503608704, 0.6554511189460754, 0.6640777587890625, 0.6652899384498596, 0.6753759384155273, 0.6702446341514587, 0.7043136358261108, 0.7156764268875122, 0.754195511341095, 0.8181419968605042, 0.8669780492782593, 0.8774623870849609, 0.8943799138069153, 0.914253830909729, 0.9687330722808838, 0.9465736150741577, 1.0957610607147217, 1.1342076063156128, 1.1919223070144653, 1.197178840637207, 1.2214529514312744, 1.126852035522461, 1.1382191181182861, 1.198525071144104, 1.2453852891921997, 1.2222942113876343, 1.1818491220474243, 1.1576017141342163, 1.0503554344177246, 1.0377012491226196, 1.0415927171707153, 0.9672010540962219, 0.9626623392105103, 0.9188233017921448, 0.8808030486106873, 0.8746808171272278, 0.8719636797904968, 0.8607606887817383, 0.8191307187080383, 0.7738390564918518, 0.780512809753418, 0.7709829807281494, 0.7685820460319519, 0.7471960783004761, 0.7517331838607788, 0.7304750084877014, 0.7200072407722473, 0.7459248900413513, 0.7424083352088928, 0.718757152557373, 0.736056923866272, 0.7220303416252136, 0.7296766638755798, 0.8797654509544373, 0.8739320635795593, 0.8975151777267456, 0.8743425011634827, 0.7773602604866028, 0.7762436866760254, 0.835173487663269, 0.8847119808197021, 0.8940223455429077, 0.8450696468353271, 0.7598444819450378, 0.7562474012374878, 0.7546110153198242, 0.758884608745575, 0.7448577880859375, 0.7525526881217957, 0.7559970617294312, 0.7533391118049622, 0.7513377666473389, 0.7661339640617371, 0.7555198073387146, 0.7741851210594177, 0.7915045619010925, 0.761454164981842, 0.7614999413490295, 0.7611657381057739, 0.7937672734260559, 0.7858100533485413, 0.7923893332481384, 0.7821540832519531, 0.803211510181427, 0.7786892652511597, 0.790263831615448, 0.7895462512969971, 0.7753220796585083, 0.7851057648658752, 0.7764172554016113, 0.7932488322257996, 0.7982982397079468, 0.7512444257736206, 0.7646061778068542, 0.7534583806991577, 0.7479543685913086, 0.7439493536949158, 0.7458284497261047, 0.7522866129875183, 0.7466052770614624], "final_loss": 9.996777534484863, "file_name": "./losses_and_grad_norms/hd40_nh10_nl1_bs16_gc1.png"}