{"losses": [10.825926780700684, 10.82190990447998, 10.817550659179688, 10.814705848693848, 10.809128761291504, 10.806207656860352, 10.801239013671875, 10.798876762390137, 10.789811134338379, 10.784005165100098, 10.778399467468262, 10.764883041381836, 10.756759643554688, 10.750456809997559, 10.738621711730957, 10.728791236877441, 10.712728500366211, 10.702920913696289, 10.690032005310059, 10.676243782043457, 10.665176391601562, 10.661829948425293, 10.65377140045166, 10.637592315673828, 10.617627143859863, 10.608470916748047, 10.600400924682617, 10.593091011047363, 10.595763206481934, 10.597305297851562, 10.582865715026855, 10.579498291015625, 10.559234619140625, 10.555150032043457, 10.552511215209961, 10.528851509094238, 10.521760940551758, 10.511430740356445, 10.504508018493652, 10.509514808654785, 10.495311737060547, 10.486950874328613, 10.480531692504883, 10.473520278930664, 10.463399887084961, 10.458221435546875, 10.450582504272461, 10.434473037719727, 10.425945281982422, 10.423727035522461, 10.41507625579834, 10.405599594116211, 10.396531105041504, 10.382881164550781, 10.36975383758545, 10.358931541442871, 10.353843688964844, 10.348291397094727, 10.342164039611816, 10.333033561706543, 10.314055442810059, 10.300858497619629, 10.299043655395508, 10.305015563964844, 10.294404029846191, 10.284525871276855, 10.275592803955078, 10.271368026733398, 10.267006874084473, 10.258309364318848, 10.24824333190918, 10.240336418151855, 10.229477882385254, 10.220815658569336, 10.211671829223633, 10.202946662902832, 10.193097114562988, 10.190028190612793, 10.185868263244629, 10.179216384887695, 10.169868469238281, 10.15952205657959, 10.163537979125977, 10.151095390319824, 10.149964332580566, 10.130172729492188, 10.120375633239746, 10.122962951660156, 10.112405776977539, 10.100557327270508, 10.089871406555176, 10.081841468811035, 10.085677146911621, 10.072641372680664, 10.065832138061523, 10.066763877868652, 10.052807807922363, 10.047627449035645, 10.039118766784668, 10.03090763092041], "grad_norms": [0.9622621536254883, 0.8556164503097534, 0.934326171875, 0.9284493923187256, 1.0384856462478638, 1.0408862829208374, 1.065061330795288, 1.0771043300628662, 1.096932291984558, 1.2190937995910645, 1.2541700601577759, 1.2753634452819824, 1.2894850969314575, 1.2434157133102417, 1.1756547689437866, 1.169812560081482, 1.3051501512527466, 1.292096734046936, 1.1495780944824219, 1.106945276260376, 1.0058492422103882, 0.8675559759140015, 0.8292146325111389, 0.8825980424880981, 0.916002094745636, 0.927320659160614, 0.8867362141609192, 0.8874707818031311, 0.7601847052574158, 0.7660455107688904, 0.7858428359031677, 0.7488001585006714, 0.7738638520240784, 0.7652695178985596, 0.7508255243301392, 0.7747092843055725, 0.8010837435722351, 0.7974354028701782, 0.7699843645095825, 0.7241932153701782, 0.7498760223388672, 0.7407556772232056, 0.7422153353691101, 0.7257876396179199, 0.7384167313575745, 0.7224747538566589, 0.7113736271858215, 0.7404112815856934, 0.7380704879760742, 0.7143359780311584, 0.7309988737106323, 0.7195237278938293, 0.726648211479187, 0.8947259187698364, 0.8731407523155212, 0.9036905169487, 0.878626823425293, 0.7818393111228943, 0.7779005765914917, 0.8388136029243469, 0.8869556784629822, 0.8946640491485596, 0.847847580909729, 0.7645747065544128, 0.7597483396530151, 0.7572687864303589, 0.7591428756713867, 0.7494418025016785, 0.7580627799034119, 0.7594297528266907, 0.755037784576416, 0.7528908848762512, 0.7678177952766418, 0.7571045756340027, 0.7759407162666321, 0.7950372695922852, 0.764987587928772, 0.762515127658844, 0.7624015808105469, 0.794211745262146, 0.7865467071533203, 0.7940925359725952, 0.7820418477058411, 0.8039073944091797, 0.778491735458374, 0.7907609939575195, 0.7896975874900818, 0.7752752900123596, 0.7858505845069885, 0.7769877314567566, 0.7936890721321106, 0.7993842363357544, 0.7509995102882385, 0.7644602656364441, 0.7525918483734131, 0.747588038444519, 0.742423951625824, 0.745211660861969, 0.751776933670044, 0.7476813197135925], "final_loss": 10.03090763092041, "file_name": "./losses_and_grad_norms/hd40_nh20_nl2_bs16_gc1.5.png"}