{"losses": [10.833935737609863, 10.829954147338867, 10.830892562866211, 10.824015617370605, 10.825867652893066, 10.822789192199707, 10.820784568786621, 10.817187309265137, 10.815557479858398, 10.809409141540527, 10.806977272033691, 10.803899765014648, 10.79677963256836, 10.791960716247559, 10.7869873046875, 10.781503677368164, 10.775116920471191, 10.772546768188477, 10.765832901000977, 10.753316879272461, 10.749805450439453, 10.734518051147461, 10.72789192199707, 10.718573570251465, 10.706934928894043, 10.694010734558105, 10.687813758850098, 10.669809341430664, 10.660452842712402, 10.660993576049805, 10.645570755004883, 10.639093399047852, 10.618762016296387, 10.607353210449219, 10.597118377685547, 10.566710472106934, 10.550735473632812, 10.537928581237793, 10.523508071899414, 10.525373458862305, 10.512815475463867, 10.501751899719238, 10.49221134185791, 10.484164237976074, 10.474089622497559, 10.455727577209473, 10.457518577575684, 10.437597274780273, 10.428284645080566, 10.421073913574219, 10.414271354675293, 10.398764610290527, 10.38601016998291, 10.375308990478516, 10.363211631774902, 10.347698211669922, 10.339103698730469, 10.324187278747559, 10.315814971923828, 10.311368942260742, 10.294147491455078, 10.282571792602539, 10.273195266723633, 10.265649795532227, 10.259551048278809, 10.244741439819336, 10.230772018432617, 10.244416236877441, 10.242273330688477, 10.22917652130127, 10.215005874633789, 10.20916748046875, 10.200288772583008, 10.188970565795898, 10.172852516174316, 10.150922775268555, 10.14116382598877, 10.133573532104492, 10.128089904785156, 10.131489753723145, 10.128645896911621, 10.115116119384766, 10.115854263305664, 10.098480224609375, 10.099878311157227, 10.08221435546875, 10.069984436035156, 10.072552680969238, 10.063685417175293, 10.049945831298828, 10.03870964050293, 10.025625228881836, 10.03103256225586, 10.02435302734375, 10.01251220703125, 10.010031700134277, 9.997062683105469, 9.987662315368652, 9.979498863220215, 9.967016220092773], "grad_norms": [0.8401645421981812, 0.7223965525627136, 0.7209456562995911, 0.7371138334274292, 0.7510590553283691, 0.7861616015434265, 0.803889811038971, 0.7996077537536621, 0.8359749913215637, 0.8460737466812134, 0.8960641026496887, 0.8758985996246338, 0.9772588014602661, 1.00894296169281, 1.0385273694992065, 1.1430561542510986, 1.2235468626022339, 1.3122310638427734, 1.294653058052063, 1.3393412828445435, 1.330264925956726, 1.3576172590255737, 1.316069483757019, 1.3707882165908813, 1.3979896306991577, 1.3990700244903564, 1.3485963344573975, 1.3276090621948242, 1.2370548248291016, 1.2002917528152466, 1.1665575504302979, 1.1044117212295532, 1.0630208253860474, 1.0196270942687988, 0.981741726398468, 0.9480158686637878, 0.9160985946655273, 0.9038889408111572, 0.8526667356491089, 0.8090419769287109, 0.8062830567359924, 0.7954288721084595, 0.7838335037231445, 0.7599998116493225, 0.7621356844902039, 0.7435610294342041, 0.7259184718132019, 0.7542993426322937, 0.747850775718689, 0.7261068224906921, 0.7402277588844299, 0.7251405715942383, 0.7304903864860535, 0.8784879446029663, 0.8696528673171997, 0.8966764807701111, 0.8741762042045593, 0.7782694101333618, 0.780210018157959, 0.8376392722129822, 0.8835683465003967, 0.8932850956916809, 0.8466185331344604, 0.7622722387313843, 0.7556757926940918, 0.7575265765190125, 0.7604182362556458, 0.7459268569946289, 0.7541824579238892, 0.7582165598869324, 0.7544974088668823, 0.7528321743011475, 0.7672379016876221, 0.7573902606964111, 0.7763813138008118, 0.7921661138534546, 0.7633872032165527, 0.7638577818870544, 0.7632710337638855, 0.7951525449752808, 0.7875446081161499, 0.7946094870567322, 0.7831542491912842, 0.8047508001327515, 0.7801213264465332, 0.7918055057525635, 0.7905327081680298, 0.7765851616859436, 0.7863420248031616, 0.7778406739234924, 0.7950104475021362, 0.799674391746521, 0.752098798751831, 0.7659533023834229, 0.754164457321167, 0.7491505146026611, 0.7445279955863953, 0.7466942071914673, 0.7535219788551331, 0.7486680150032043], "final_loss": 9.967016220092773, "file_name": "./losses_and_grad_norms/hd40_nh1_nl1_bs16_gc1"}