{"losses": [10.835654258728027, 10.829474449157715, 10.82178020477295, 10.8190279006958, 10.814380645751953, 10.809701919555664, 10.805938720703125, 10.798340797424316, 10.794031143188477, 10.787893295288086, 10.77872085571289, 10.766671180725098, 10.758711814880371, 10.747949600219727, 10.735755920410156, 10.72809886932373, 10.71390438079834, 10.697492599487305, 10.6839017868042, 10.672699928283691, 10.658614158630371, 10.662860870361328, 10.652426719665527, 10.626320838928223, 10.611478805541992, 10.599459648132324, 10.595948219299316, 10.57900333404541, 10.593586921691895, 10.583264350891113, 10.569597244262695, 10.567264556884766, 10.553915023803711, 10.543039321899414, 10.536949157714844, 10.517784118652344, 10.512764930725098, 10.500146865844727, 10.491830825805664, 10.496709823608398, 10.480534553527832, 10.476344108581543, 10.469812393188477, 10.464612007141113, 10.451363563537598, 10.444572448730469, 10.437820434570312, 10.428850173950195, 10.421049118041992, 10.408186912536621, 10.405529975891113, 10.39414119720459, 10.385639190673828, 10.36656665802002, 10.355696678161621, 10.347448348999023, 10.340224266052246, 10.3379487991333, 10.327611923217773, 10.318936347961426, 10.30079460144043, 10.295709609985352, 10.285517692565918, 10.296370506286621, 10.286251068115234, 10.277820587158203, 10.271078109741211, 10.26309871673584, 10.254145622253418, 10.243265151977539, 10.22945785522461, 10.225218772888184, 10.217312812805176, 10.20278263092041, 10.197513580322266, 10.188908576965332, 10.185590744018555, 10.173506736755371, 10.168675422668457, 10.159385681152344, 10.150390625, 10.141846656799316, 10.133841514587402, 10.124250411987305, 10.121575355529785, 10.108940124511719, 10.099431991577148, 10.097260475158691, 10.088753700256348, 10.075234413146973, 10.066425323486328, 10.052152633666992, 10.060927391052246, 10.046697616577148, 10.040273666381836, 10.041583061218262, 10.028495788574219, 10.02193546295166, 10.016047477722168, 10.007563591003418], "grad_norms": [1.1605228185653687, 1.0970029830932617, 1.0934401750564575, 1.2059283256530762, 1.1517833471298218, 1.1956074237823486, 1.2337530851364136, 1.3182854652404785, 1.3534324169158936, 1.4507426023483276, 1.5147472620010376, 1.4658565521240234, 1.4998955726623535, 1.5733908414840698, 1.4976108074188232, 1.3483657836914062, 1.4382097721099854, 1.4713655710220337, 1.2927581071853638, 1.252012848854065, 1.0973849296569824, 0.98685222864151, 0.941316545009613, 0.9430688619613647, 0.9465763568878174, 0.9506236910820007, 0.8952688574790955, 0.9027224183082581, 0.8014646172523499, 0.8053513765335083, 0.810002326965332, 0.7787915468215942, 0.7864843606948853, 0.7782436609268188, 0.7621042132377625, 0.7888085246086121, 0.8083494901657104, 0.8108070492744446, 0.7786770462989807, 0.7322617173194885, 0.756152331829071, 0.745512843132019, 0.7465559244155884, 0.729604959487915, 0.745019793510437, 0.72530198097229, 0.7145404815673828, 0.7411774396896362, 0.7394929528236389, 0.7157430648803711, 0.7322279810905457, 0.7207808494567871, 0.7272947430610657, 0.8984651565551758, 0.8792200088500977, 0.9046157002449036, 0.8793030977249146, 0.7794110774993896, 0.778528094291687, 0.8385657072067261, 0.8855444192886353, 0.8945541381835938, 0.8472148180007935, 0.7729427814483643, 0.7636833190917969, 0.7648064494132996, 0.7654716372489929, 0.7482905387878418, 0.7570104598999023, 0.7596345543861389, 0.7539962530136108, 0.7528892755508423, 0.7665465474128723, 0.7569971680641174, 0.7749767303466797, 0.7928896546363831, 0.7640578746795654, 0.7636805176734924, 0.761573076248169, 0.795070230960846, 0.7853581309318542, 0.7942085862159729, 0.7831580638885498, 0.8074926137924194, 0.7792085409164429, 0.7912565469741821, 0.7884879112243652, 0.775456428527832, 0.7853293418884277, 0.777194082736969, 0.7936397194862366, 0.7987760901451111, 0.7519595623016357, 0.7651880979537964, 0.7533131241798401, 0.7470167875289917, 0.7427586317062378, 0.7449566125869751, 0.7514204978942871, 0.7451786994934082], "final_loss": 10.007563591003418, "file_name": "./losses_and_grad_norms/hd40_nh10_nl2_bs16_gc1.5.png"}