{"losses": [10.833430290222168, 10.814738273620605, 10.798232078552246, 10.786209106445312, 10.765623092651367, 10.753955841064453, 10.742835998535156, 10.729665756225586, 10.719512939453125, 10.710343360900879, 10.700708389282227, 10.69405746459961, 10.685221672058105, 10.678406715393066, 10.667670249938965, 10.671757698059082, 10.656495094299316, 10.644855499267578, 10.635279655456543, 10.62944507598877, 10.619645118713379, 10.632170677185059, 10.622936248779297, 10.597667694091797, 10.581029891967773, 10.573691368103027, 10.576240539550781, 10.561700820922852, 10.5846586227417, 10.568638801574707, 10.557025909423828, 10.555606842041016, 10.539765357971191, 10.534781455993652, 10.537496566772461, 10.517663955688477, 10.516091346740723, 10.509977340698242, 10.501976013183594, 10.499703407287598, 10.484746932983398, 10.481171607971191, 10.471199989318848, 10.469061851501465, 10.457112312316895, 10.460188865661621, 10.451324462890625, 10.436135292053223, 10.430781364440918, 10.423264503479004, 10.413836479187012, 10.406047821044922, 10.3997163772583, 10.389860153198242, 10.374411582946777, 10.360916137695312, 10.360665321350098, 10.360995292663574, 10.351579666137695, 10.342022895812988, 10.325544357299805, 10.313516616821289, 10.317103385925293, 10.32307243347168, 10.313417434692383, 10.30740737915039, 10.299338340759277, 10.291651725769043, 10.27982234954834, 10.273615837097168, 10.259385108947754, 10.25641918182373, 10.247066497802734, 10.237137794494629, 10.229400634765625, 10.229379653930664, 10.219852447509766, 10.215803146362305, 10.207468032836914, 10.191583633422852, 10.18767261505127, 10.173900604248047, 10.174589157104492, 10.16153621673584, 10.157626152038574, 10.143470764160156, 10.136226654052734, 10.13101577758789, 10.124990463256836, 10.11259651184082, 10.103049278259277, 10.096759796142578, 10.10764217376709, 10.091425895690918, 10.087506294250488, 10.085530281066895, 10.074080467224121, 10.067269325256348, 10.064000129699707, 10.05358600616455], "grad_norms": [1.800058126449585, 1.6463143825531006, 1.8736869096755981, 1.5782719850540161, 1.3287678956985474, 0.9954138994216919, 0.8523032665252686, 0.7763754725456238, 0.7562339901924133, 0.7786350846290588, 0.7662133574485779, 0.7442258596420288, 0.74202960729599, 0.7590985298156738, 0.7552672624588013, 0.7508426308631897, 0.9050460457801819, 0.8930649757385254, 0.9009712338447571, 0.9211185574531555, 0.9557051658630371, 0.977230429649353, 0.8081014752388, 0.8430197834968567, 0.8961768746376038, 0.8859766125679016, 0.8642686009407043, 0.8857611417770386, 0.8365598917007446, 0.7981951832771301, 0.7962786555290222, 0.7456971406936646, 0.7766438126564026, 0.7687454223632812, 0.7550716400146484, 0.7854074239730835, 0.8198898434638977, 0.8169724345207214, 0.795082688331604, 0.7473338842391968, 0.7545418739318848, 0.7450363636016846, 0.7491536736488342, 0.7272586226463318, 0.7484610080718994, 0.7362558841705322, 0.7219637632369995, 0.750515878200531, 0.7502539753913879, 0.7272118330001831, 0.749894917011261, 0.7365943193435669, 0.736924409866333, 0.9167575836181641, 0.876365602016449, 0.9068388938903809, 0.8886227011680603, 0.8094155192375183, 0.824194610118866, 0.9514101147651672, 1.042145013809204, 1.1060447692871094, 0.9819324016571045, 0.8361489176750183, 0.7723208665847778, 0.7620086669921875, 0.7629337310791016, 0.7579179406166077, 0.7560105919837952, 0.763006865978241, 0.7656213641166687, 0.7712815403938293, 0.8075675368309021, 0.7851359844207764, 0.791157603263855, 0.7978423237800598, 0.770062267780304, 0.7689511775970459, 0.7674559950828552, 0.8031693696975708, 0.7918058633804321, 0.7975711226463318, 0.7865790724754333, 0.8103903532028198, 0.7889785766601562, 0.7995011210441589, 0.7969409227371216, 0.7816729545593262, 0.791140615940094, 0.7874715328216553, 0.8138988614082336, 0.816893994808197, 0.7638694643974304, 0.7696377038955688, 0.7583774328231812, 0.7506622076034546, 0.7431581020355225, 0.7457417845726013, 0.7547102570533752, 0.7496227025985718], "final_loss": 10.05358600616455, "file_name": "./losses_and_grad_norms/hd40_nh10_nl10_bs16_gc1.png"}