{"losses": [10.838655471801758, 10.815462112426758, 10.80314826965332, 10.787128448486328, 10.772736549377441, 10.762039184570312, 10.750892639160156, 10.741616249084473, 10.731035232543945, 10.72313404083252, 10.713250160217285, 10.702848434448242, 10.692459106445312, 10.688305854797363, 10.68038558959961, 10.673053741455078, 10.652531623840332, 10.644539833068848, 10.635003089904785, 10.620946884155273, 10.61683177947998, 10.626948356628418, 10.619643211364746, 10.600773811340332, 10.582931518554688, 10.572550773620605, 10.575431823730469, 10.563619613647461, 10.580036163330078, 10.580148696899414, 10.567317962646484, 10.567497253417969, 10.550162315368652, 10.542224884033203, 10.541427612304688, 10.519996643066406, 10.515758514404297, 10.507111549377441, 10.501255989074707, 10.504406929016113, 10.493602752685547, 10.488104820251465, 10.480302810668945, 10.473045349121094, 10.469715118408203, 10.463537216186523, 10.46120548248291, 10.440125465393066, 10.437188148498535, 10.433148384094238, 10.42651081085205, 10.415929794311523, 10.409167289733887, 10.382485389709473, 10.378164291381836, 10.362037658691406, 10.357507705688477, 10.3578462600708, 10.349689483642578, 10.344781875610352, 10.327166557312012, 10.313130378723145, 10.315418243408203, 10.322216033935547, 10.314380645751953, 10.304521560668945, 10.292840957641602, 10.295025825500488, 10.289865493774414, 10.284172058105469, 10.268592834472656, 10.265013694763184, 10.255833625793457, 10.246835708618164, 10.24038028717041, 10.232399940490723, 10.219514846801758, 10.215158462524414, 10.21074104309082, 10.205668449401855, 10.198202133178711, 10.187844276428223, 10.187326431274414, 10.173612594604492, 10.173988342285156, 10.160913467407227, 10.149726867675781, 10.146929740905762, 10.143946647644043, 10.131489753723145, 10.121252059936523, 10.110193252563477, 10.118332862854004, 10.108205795288086, 10.105159759521484, 10.101495742797852, 10.089391708374023, 10.086743354797363, 10.080284118652344, 10.06463623046875], "grad_norms": [2.4093220233917236, 1.8759922981262207, 1.7123862504959106, 1.3990236520767212, 1.1619250774383545, 0.9470367431640625, 0.8711544871330261, 0.77998286485672, 0.7753257155418396, 0.7834272980690002, 0.7805066108703613, 0.7547267079353333, 0.751693069934845, 0.7502263188362122, 0.747754693031311, 0.7381421327590942, 0.9099449515342712, 0.911605715751648, 0.8695186972618103, 0.8634652495384216, 0.8478975296020508, 0.8310633301734924, 0.7616258859634399, 0.8531312942504883, 0.8839665055274963, 0.8902748823165894, 0.8571576476097107, 0.8647143244743347, 0.8048244714736938, 0.7840390205383301, 0.7928084135055542, 0.7457404136657715, 0.7753303050994873, 0.7683872580528259, 0.7536287307739258, 0.7892053723335266, 0.8250751495361328, 0.8178583979606628, 0.7784834504127502, 0.7378089427947998, 0.7531009316444397, 0.7444925904273987, 0.7466987371444702, 0.7295648455619812, 0.7434059381484985, 0.7338720560073853, 0.7151418328285217, 0.7404189705848694, 0.7404292821884155, 0.7176593542098999, 0.7343325018882751, 0.7268356084823608, 0.732001543045044, 0.9851657748222351, 0.9561917185783386, 0.9776924848556519, 0.9174132347106934, 0.8020887970924377, 0.7830125093460083, 0.8512153625488281, 0.8912855386734009, 0.8972733616828918, 0.8514935374259949, 0.7906553745269775, 0.7599264979362488, 0.7569392919540405, 0.7645723819732666, 0.7707666158676147, 0.7709223031997681, 0.7631165981292725, 0.7575402855873108, 0.754156768321991, 0.7829791903495789, 0.7636141180992126, 0.7788904905319214, 0.8000797629356384, 0.772663414478302, 0.7604510188102722, 0.7657359838485718, 0.8001812696456909, 0.7853581309318542, 0.793541669845581, 0.7804193496704102, 0.804082453250885, 0.7838683128356934, 0.7942912578582764, 0.7919794321060181, 0.7895979881286621, 0.8045730590820312, 0.7874304056167603, 0.8000798225402832, 0.79981529712677, 0.7586925625801086, 0.7739476561546326, 0.7663856744766235, 0.7493178248405457, 0.7419260740280151, 0.7433444857597351, 0.7516276836395264, 0.7450665235519409], "final_loss": 10.06463623046875, "file_name": "./losses_and_grad_norms/hd40_nh5_nl10_bs16_gc1.5.png"}