{"losses": [10.826699256896973, 10.807761192321777, 10.78896427154541, 10.770140647888184, 10.750041961669922, 10.734580039978027, 10.723672866821289, 10.712470054626465, 10.696920394897461, 10.68883228302002, 10.677048683166504, 10.671734809875488, 10.664480209350586, 10.655920028686523, 10.651623725891113, 10.651762962341309, 10.632847785949707, 10.622894287109375, 10.610552787780762, 10.603771209716797, 10.598655700683594, 10.61150074005127, 10.599295616149902, 10.576278686523438, 10.558429718017578, 10.551115036010742, 10.550200462341309, 10.536874771118164, 10.56005573272705, 10.54599666595459, 10.529759407043457, 10.52650260925293, 10.514252662658691, 10.50599193572998, 10.502045631408691, 10.487445831298828, 10.477972984313965, 10.467167854309082, 10.463794708251953, 10.470487594604492, 10.457189559936523, 10.453813552856445, 10.439099311828613, 10.439997673034668, 10.428345680236816, 10.426993370056152, 10.422319412231445, 10.405850410461426, 10.401433944702148, 10.397085189819336, 10.387884140014648, 10.381607055664062, 10.36879825592041, 10.356945037841797, 10.34638500213623, 10.3341064453125, 10.328023910522461, 10.33069896697998, 10.319893836975098, 10.313100814819336, 10.295915603637695, 10.284283638000488, 10.284798622131348, 10.294921875, 10.281484603881836, 10.272869110107422, 10.265543937683105, 10.259346961975098, 10.251338005065918, 10.243144989013672, 10.232551574707031, 10.226369857788086, 10.215548515319824, 10.204447746276855, 10.200637817382812, 10.1889009475708, 10.189042091369629, 10.181838989257812, 10.17487907409668, 10.159717559814453, 10.16033935546875, 10.14742374420166, 10.14795970916748, 10.127385139465332, 10.13095760345459, 10.117637634277344, 10.106675148010254, 10.106181144714355, 10.100129127502441, 10.085710525512695, 10.074520111083984, 10.06596851348877, 10.078444480895996, 10.065020561218262, 10.061015129089355, 10.058712005615234, 10.045860290527344, 10.042779922485352, 10.034003257751465, 10.024473190307617], "grad_norms": [3.0142805576324463, 2.3079066276550293, 2.2359395027160645, 1.9565367698669434, 1.58128821849823, 1.1788438558578491, 0.887955904006958, 0.7788379788398743, 0.7591990828514099, 0.7595075368881226, 0.7621129155158997, 0.7575182318687439, 0.7586822509765625, 0.7475789189338684, 0.7510803937911987, 0.7497327327728271, 0.8973404169082642, 0.9072260856628418, 0.8891539573669434, 0.8813934326171875, 0.8558350205421448, 0.8297920227050781, 0.7577341794967651, 0.8636679649353027, 0.8967831134796143, 0.912706196308136, 0.8634011745452881, 0.908484160900116, 0.8363566398620605, 0.787711501121521, 0.8015327453613281, 0.7491839528083801, 0.781078040599823, 0.7900474667549133, 0.7859020829200745, 0.7923275828361511, 0.8259119987487793, 0.8115947246551514, 0.7821643352508545, 0.7410367131233215, 0.7553502917289734, 0.7663048505783081, 0.7824757099151611, 0.7582614421844482, 0.7708277106285095, 0.8021917343139648, 0.8112040162086487, 0.8546433448791504, 0.8184791207313538, 0.8067759275436401, 0.8329820036888123, 0.8609144687652588, 0.8317245244979858, 1.0203105211257935, 0.9924107193946838, 1.0540828704833984, 0.9528815746307373, 0.8295543789863586, 0.7952629923820496, 0.849635660648346, 0.8976365327835083, 0.9030603766441345, 0.8544729351997375, 0.7874078154563904, 0.7669629454612732, 0.7592446208000183, 0.7624927759170532, 0.76520836353302, 0.7557987570762634, 0.7586150169372559, 0.7538103461265564, 0.7502362728118896, 0.7696443796157837, 0.7676858901977539, 0.7882360219955444, 0.7980964779853821, 0.7791469097137451, 0.7635431289672852, 0.7684313058853149, 0.8212903141975403, 0.796928882598877, 0.8050787448883057, 0.7976076006889343, 0.8126622438430786, 0.7867671251296997, 0.7995008230209351, 0.8022477030754089, 0.7860335111618042, 0.7940801978111267, 0.7906270623207092, 0.8193519711494446, 0.8187004923820496, 0.7718326449394226, 0.7853744029998779, 0.7666314840316772, 0.7584404945373535, 0.7538370490074158, 0.7608477473258972, 0.7880985140800476, 0.7735116481781006], "final_loss": 10.024473190307617, "file_name": "./losses_and_grad_norms/hd40_nh1_nl10_bs16_gc1.png"}