{"losses": [10.83467960357666, 10.817310333251953, 10.806239128112793, 10.790440559387207, 10.775800704956055, 10.762739181518555, 10.75242805480957, 10.740927696228027, 10.730910301208496, 10.72542667388916, 10.713346481323242, 10.700623512268066, 10.692285537719727, 10.686321258544922, 10.677818298339844, 10.674426078796387, 10.653755187988281, 10.644689559936523, 10.632353782653809, 10.627988815307617, 10.624377250671387, 10.629611015319824, 10.622404098510742, 10.603907585144043, 10.585189819335938, 10.575827598571777, 10.576621055603027, 10.564355850219727, 10.582566261291504, 10.584709167480469, 10.57040023803711, 10.565234184265137, 10.553674697875977, 10.54647159576416, 10.542466163635254, 10.527534484863281, 10.51374626159668, 10.509956359863281, 10.50026798248291, 10.507658004760742, 10.498302459716797, 10.488329887390137, 10.483065605163574, 10.479056358337402, 10.468658447265625, 10.462696075439453, 10.463578224182129, 10.443032264709473, 10.436847686767578, 10.436219215393066, 10.425838470458984, 10.415642738342285, 10.407663345336914, 10.382721900939941, 10.371143341064453, 10.360483169555664, 10.355688095092773, 10.355853080749512, 10.347599029541016, 10.33645248413086, 10.317656517028809, 10.30734920501709, 10.308673858642578, 10.319108963012695, 10.31059455871582, 10.297983169555664, 10.287055969238281, 10.29249382019043, 10.285370826721191, 10.277181625366211, 10.26504135131836, 10.261831283569336, 10.25137996673584, 10.242368698120117, 10.235086441040039, 10.223343849182129, 10.212590217590332, 10.210684776306152, 10.203470230102539, 10.198670387268066, 10.195582389831543, 10.185693740844727, 10.183492660522461, 10.16873550415039, 10.171314239501953, 10.156608581542969, 10.145711898803711, 10.146843910217285, 10.13601016998291, 10.126504898071289, 10.119429588317871, 10.104901313781738, 10.110526084899902, 10.101676940917969, 10.094850540161133, 10.09117317199707, 10.080872535705566, 10.072789192199707, 10.065633773803711, 10.053878784179688], "grad_norms": [2.19537091255188, 1.7557719945907593, 1.774631381034851, 1.6213289499282837, 1.6828538179397583, 1.3530583381652832, 1.091233491897583, 0.9470563530921936, 0.8703114986419678, 0.8845422267913818, 0.8466674089431763, 0.8102949857711792, 0.7662790417671204, 0.7639585137367249, 0.7513618469238281, 0.7888228297233582, 0.9242322444915771, 0.9023595452308655, 0.8701561689376831, 0.8722958564758301, 0.839130163192749, 0.8267488479614258, 0.7508047819137573, 0.8460387587547302, 0.8834316730499268, 0.8903171420097351, 0.8615603446960449, 0.8705832362174988, 0.7980788946151733, 0.8054903149604797, 0.8072167634963989, 0.7484132647514343, 0.7814012765884399, 0.7734302282333374, 0.7515887022018433, 0.7952589392662048, 0.8181271553039551, 0.8105694055557251, 0.7846792340278625, 0.7361223101615906, 0.7542582154273987, 0.7489081025123596, 0.7490484714508057, 0.7300674915313721, 0.7420324683189392, 0.7387774586677551, 0.721363365650177, 0.7527449131011963, 0.7690740823745728, 0.7273258566856384, 0.7318240404129028, 0.7199938297271729, 0.7270329594612122, 0.9426041841506958, 0.9076063632965088, 0.933390736579895, 0.8894177079200745, 0.7952011823654175, 0.7839277386665344, 0.8482188582420349, 0.897741973400116, 0.9036401510238647, 0.8620062470436096, 0.7841960191726685, 0.7602119445800781, 0.761381208896637, 0.7607932090759277, 0.7632240056991577, 0.7583482265472412, 0.7648282051086426, 0.7628634572029114, 0.753882110118866, 0.7759355902671814, 0.7623828649520874, 0.7846717834472656, 0.8024889826774597, 0.7726778388023376, 0.7642125487327576, 0.763416051864624, 0.8057588934898376, 0.7872142195701599, 0.793050229549408, 0.7845697999000549, 0.805486261844635, 0.7816298007965088, 0.7975345253944397, 0.7982177138328552, 0.7797009348869324, 0.7890565991401672, 0.7819831371307373, 0.8024682402610779, 0.8034770488739014, 0.7620900869369507, 0.7620586156845093, 0.7534176707267761, 0.7488191723823547, 0.7487455010414124, 0.7465415596961975, 0.7545536160469055, 0.7494484782218933], "final_loss": 10.053878784179688, "file_name": "./losses_and_grad_norms/hd40_nh10_nl10_bs16_gc2.5.png"}