{"losses": [10.841405868530273, 10.835309028625488, 10.828876495361328, 10.8229398727417, 10.823458671569824, 10.816826820373535, 10.809600830078125, 10.802885055541992, 10.794866561889648, 10.788607597351074, 10.781095504760742, 10.768338203430176, 10.75538444519043, 10.745463371276855, 10.727194786071777, 10.723609924316406, 10.713152885437012, 10.701715469360352, 10.688295364379883, 10.67694091796875, 10.662996292114258, 10.65310287475586, 10.644407272338867, 10.627952575683594, 10.617720603942871, 10.6033935546875, 10.600308418273926, 10.584364891052246, 10.58733081817627, 10.575233459472656, 10.563850402832031, 10.555480003356934, 10.54259204864502, 10.53759765625, 10.52908992767334, 10.512349128723145, 10.507502555847168, 10.494715690612793, 10.489628791809082, 10.49043083190918, 10.475076675415039, 10.467059135437012, 10.458338737487793, 10.452864646911621, 10.443094253540039, 10.437228202819824, 10.431414604187012, 10.417977333068848, 10.412137031555176, 10.404581069946289, 10.39811897277832, 10.388301849365234, 10.373757362365723, 10.36882209777832, 10.358814239501953, 10.349909782409668, 10.338364601135254, 10.327836036682129, 10.321287155151367, 10.31633186340332, 10.302084922790527, 10.29358959197998, 10.286566734313965, 10.284637451171875, 10.272753715515137, 10.262758255004883, 10.255216598510742, 10.25389289855957, 10.249363899230957, 10.241070747375488, 10.22412395477295, 10.221999168395996, 10.210088729858398, 10.20186710357666, 10.190958976745605, 10.182299613952637, 10.169790267944336, 10.161840438842773, 10.154812812805176, 10.150344848632812, 10.144800186157227, 10.131797790527344, 10.134346008300781, 10.119832038879395, 10.119346618652344, 10.103654861450195, 10.09418773651123, 10.092641830444336, 10.085349082946777, 10.071965217590332, 10.061758041381836, 10.053589820861816, 10.060948371887207, 10.048834800720215, 10.039117813110352, 10.039931297302246, 10.027783393859863, 10.020758628845215, 10.012553215026855, 10.000422477722168], "grad_norms": [1.2059941291809082, 1.212661623954773, 1.2577046155929565, 1.2847872972488403, 1.3080735206604004, 1.328918695449829, 1.4000227451324463, 1.4862520694732666, 1.5421860218048096, 1.6476190090179443, 1.7666321992874146, 1.7161750793457031, 1.7295187711715698, 1.6562137603759766, 1.5870263576507568, 1.5212725400924683, 1.4134129285812378, 1.4142714738845825, 1.265781283378601, 1.214381456375122, 1.0925596952438354, 0.9918205738067627, 0.9404258728027344, 0.9196722507476807, 0.9482448101043701, 0.9413697123527527, 0.9053375720977783, 0.8959059119224548, 0.7941300868988037, 0.7862697839736938, 0.8130588531494141, 0.7669119238853455, 0.79097580909729, 0.7796279788017273, 0.759929895401001, 0.7882445454597473, 0.8124469518661499, 0.8108468055725098, 0.7826197743415833, 0.7278962731361389, 0.755382239818573, 0.747835099697113, 0.7488383054733276, 0.729386031627655, 0.7433539032936096, 0.727506697177887, 0.7144404649734497, 0.744280993938446, 0.7413567900657654, 0.7191466689109802, 0.7342464923858643, 0.7241422533988953, 0.7296273112297058, 0.8878000974655151, 0.8788967728614807, 0.9037954807281494, 0.8790232539176941, 0.7848654985427856, 0.7820446491241455, 0.841048002243042, 0.8884616494178772, 0.8971055746078491, 0.8507060408592224, 0.7702252864837646, 0.7642887234687805, 0.761928141117096, 0.7626210451126099, 0.74762362241745, 0.7563892006874084, 0.7580575346946716, 0.7555879354476929, 0.7533420324325562, 0.7689180374145508, 0.7582248449325562, 0.7773036360740662, 0.795049250125885, 0.7696702480316162, 0.7669306993484497, 0.7656967043876648, 0.7959548830986023, 0.7880688905715942, 0.7957364916801453, 0.7842845320701599, 0.8056041598320007, 0.7808026075363159, 0.7926579713821411, 0.791249692440033, 0.7771181464195251, 0.7869459986686707, 0.7783181071281433, 0.7951170802116394, 0.8000998497009277, 0.7526755928993225, 0.7658334374427795, 0.7547128200531006, 0.7489471435546875, 0.7446063756942749, 0.7460453510284424, 0.7532296180725098, 0.7481386065483093], "final_loss": 10.000422477722168, "file_name": "./losses_and_grad_norms/hd40_nh1_nl2_bs16_gc2.5.png"}