{"losses": [10.831985473632812, 10.82632064819336, 10.81611156463623, 10.81637191772461, 10.811104774475098, 10.806846618652344, 10.803393363952637, 10.799539566040039, 10.790002822875977, 10.786580085754395, 10.780109405517578, 10.770670890808105, 10.760177612304688, 10.749940872192383, 10.739114761352539, 10.737541198730469, 10.721802711486816, 10.708442687988281, 10.69261646270752, 10.679947853088379, 10.669872283935547, 10.671466827392578, 10.660995483398438, 10.638121604919434, 10.621198654174805, 10.609007835388184, 10.60366439819336, 10.58937931060791, 10.597065925598145, 10.584444999694824, 10.571681022644043, 10.564311981201172, 10.552422523498535, 10.545794486999512, 10.538445472717285, 10.523963928222656, 10.519376754760742, 10.505887985229492, 10.503036499023438, 10.499217987060547, 10.487295150756836, 10.47862434387207, 10.466781616210938, 10.461573600769043, 10.45318603515625, 10.443957328796387, 10.442264556884766, 10.430224418640137, 10.41519546508789, 10.413999557495117, 10.407673835754395, 10.398037910461426, 10.381525039672852, 10.372251510620117, 10.361184120178223, 10.359109878540039, 10.342228889465332, 10.341373443603516, 10.331964492797852, 10.321833610534668, 10.308045387268066, 10.302992820739746, 10.29395866394043, 10.296629905700684, 10.288456916809082, 10.279504776000977, 10.273780822753906, 10.262479782104492, 10.25843620300293, 10.249737739562988, 10.233549118041992, 10.22802734375, 10.22006607055664, 10.207777976989746, 10.199637413024902, 10.189311981201172, 10.186321258544922, 10.173961639404297, 10.168557167053223, 10.157094955444336, 10.151034355163574, 10.140497207641602, 10.136099815368652, 10.125106811523438, 10.120210647583008, 10.108377456665039, 10.098908424377441, 10.097920417785645, 10.089539527893066, 10.074469566345215, 10.064603805541992, 10.055986404418945, 10.063809394836426, 10.054333686828613, 10.04301643371582, 10.044933319091797, 10.030080795288086, 10.026577949523926, 10.016365051269531, 10.007140159606934], "grad_norms": [0.9517034292221069, 0.8904401063919067, 0.9578496813774109, 0.9966549277305603, 1.040399432182312, 1.0389485359191895, 1.0971994400024414, 1.1869640350341797, 1.204404592514038, 1.273661732673645, 1.4010884761810303, 1.3652169704437256, 1.4029065370559692, 1.353638768196106, 1.2850006818771362, 1.2167526483535767, 1.2476050853729248, 1.1984694004058838, 1.1550296545028687, 1.090378999710083, 1.0030874013900757, 0.923612654209137, 0.8443103432655334, 0.8821759223937988, 0.8965967297554016, 0.9030559659004211, 0.8663958311080933, 0.8671894073486328, 0.7670323252677917, 0.770787239074707, 0.7917265295982361, 0.7515033483505249, 0.7748774886131287, 0.7679005265235901, 0.7496647834777832, 0.7782996892929077, 0.8031549453735352, 0.8042054176330566, 0.7733075022697449, 0.7278322577476501, 0.7511290311813354, 0.7422354221343994, 0.7454653382301331, 0.7267192602157593, 0.7396474480628967, 0.7233689427375793, 0.7124000787734985, 0.7410976886749268, 0.7388503551483154, 0.7152690291404724, 0.7328373193740845, 0.7196561694145203, 0.7276041507720947, 0.8863585591316223, 0.8712367415428162, 0.8961239457130432, 0.8770597577095032, 0.7811545133590698, 0.7794854640960693, 0.838769793510437, 0.8843305110931396, 0.8934671878814697, 0.8477789163589478, 0.7643775343894958, 0.760360836982727, 0.7571718692779541, 0.7590660452842712, 0.7477353811264038, 0.7555543184280396, 0.7579564452171326, 0.754490077495575, 0.7520209550857544, 0.7667710185050964, 0.7569116353988647, 0.7756603956222534, 0.7927219271659851, 0.7631489634513855, 0.7637730836868286, 0.761918842792511, 0.7964057922363281, 0.7864759564399719, 0.7934432029724121, 0.7831847667694092, 0.804219126701355, 0.7793236970901489, 0.7909114956855774, 0.7899069786071777, 0.7764335870742798, 0.7857751846313477, 0.777090311050415, 0.7943206429481506, 0.7995215058326721, 0.7540124654769897, 0.7653033137321472, 0.7536675930023193, 0.7475790977478027, 0.7432919144630432, 0.7454307675361633, 0.7517609596252441, 0.7468626499176025], "final_loss": 10.007140159606934, "file_name": "./losses_and_grad_norms/hd40_nh5_nl2_bs16_gc1.png"}