{"losses": [10.836065292358398, 10.83240795135498, 10.82975959777832, 10.82776927947998, 10.824222564697266, 10.818254470825195, 10.814868927001953, 10.813618659973145, 10.802361488342285, 10.7981538772583, 10.79029369354248, 10.786612510681152, 10.77676010131836, 10.769158363342285, 10.760062217712402, 10.751293182373047, 10.743348121643066, 10.726239204406738, 10.717310905456543, 10.69901180267334, 10.690896034240723, 10.682326316833496, 10.671175956726074, 10.659385681152344, 10.642166137695312, 10.62541675567627, 10.61888599395752, 10.611124038696289, 10.607680320739746, 10.606250762939453, 10.597492218017578, 10.58829116821289, 10.57600212097168, 10.564034461975098, 10.558975219726562, 10.540242195129395, 10.529759407043457, 10.520532608032227, 10.514878273010254, 10.514969825744629, 10.498579025268555, 10.494622230529785, 10.48586368560791, 10.480623245239258, 10.470349311828613, 10.460232734680176, 10.45849895477295, 10.440827369689941, 10.429207801818848, 10.426541328430176, 10.420319557189941, 10.411356925964355, 10.395026206970215, 10.392181396484375, 10.376903533935547, 10.365409851074219, 10.358963966369629, 10.350152969360352, 10.346421241760254, 10.336640357971191, 10.320717811584473, 10.309924125671387, 10.309287071228027, 10.305203437805176, 10.2969970703125, 10.283373832702637, 10.277488708496094, 10.272491455078125, 10.271251678466797, 10.255661010742188, 10.2450532913208, 10.239336013793945, 10.231487274169922, 10.221120834350586, 10.212327003479004, 10.200916290283203, 10.190523147583008, 10.18830394744873, 10.179407119750977, 10.178248405456543, 10.176216125488281, 10.159764289855957, 10.162117004394531, 10.145692825317383, 10.145269393920898, 10.132085800170898, 10.118352890014648, 10.119234085083008, 10.11071491241455, 10.096258163452148, 10.090189933776855, 10.077675819396973, 10.077285766601562, 10.06566047668457, 10.056581497192383, 10.06013011932373, 10.042257308959961, 10.039283752441406, 10.02895736694336, 10.016731262207031], "grad_norms": [0.9341787099838257, 0.8698814511299133, 0.9343529939651489, 0.9765954613685608, 0.9932461977005005, 0.976073145866394, 1.0402765274047852, 1.0505943298339844, 1.1048756837844849, 1.1237202882766724, 1.257714867591858, 1.2727049589157104, 1.3619776964187622, 1.3261553049087524, 1.358918309211731, 1.2470300197601318, 1.4883888959884644, 1.3668138980865479, 1.3180607557296753, 1.176419734954834, 1.1037993431091309, 0.9422968626022339, 0.8695886731147766, 0.9153150320053101, 0.9263154864311218, 0.9341238737106323, 0.8702113628387451, 0.870456874370575, 0.7718519568443298, 0.7684919238090515, 0.7908134460449219, 0.746333122253418, 0.7759318351745605, 0.7637217044830322, 0.7499439716339111, 0.7775101661682129, 0.8048823475837708, 0.8059694170951843, 0.7736974358558655, 0.7267706990242004, 0.748981237411499, 0.7435864806175232, 0.7434384226799011, 0.7284378409385681, 0.7390198707580566, 0.7252581119537354, 0.7118138670921326, 0.7431204915046692, 0.7397830486297607, 0.7158945202827454, 0.7319295406341553, 0.7200983762741089, 0.7283775806427002, 0.8837652802467346, 0.871909499168396, 0.8990710377693176, 0.8773016929626465, 0.778424084186554, 0.7780807018280029, 0.8383305668830872, 0.8851011395454407, 0.8951857686042786, 0.8481002449989319, 0.7624276876449585, 0.7579043507575989, 0.7560358047485352, 0.7581754922866821, 0.7474113702774048, 0.7554033398628235, 0.7585594058036804, 0.7547720074653625, 0.7529573440551758, 0.7674432396888733, 0.7572504878044128, 0.7758077383041382, 0.7945422530174255, 0.7626654505729675, 0.7617692351341248, 0.7623564004898071, 0.7954846024513245, 0.7868296504020691, 0.7940839529037476, 0.7841783165931702, 0.8042023777961731, 0.7795031070709229, 0.7911760210990906, 0.7899569272994995, 0.7756550908088684, 0.7854982614517212, 0.7776617407798767, 0.7941440343856812, 0.7990349531173706, 0.7529927492141724, 0.7662197947502136, 0.7539410591125488, 0.7477980852127075, 0.7434334754943848, 0.7451412677764893, 0.7520524263381958, 0.746799647808075], "final_loss": 10.016731262207031, "file_name": "./losses_and_grad_norms/hd40_nh1_nl2_bs16_gc1.png"}