{"losses": [10.838119506835938, 10.816506385803223, 10.803646087646484, 10.791346549987793, 10.773448944091797, 10.758018493652344, 10.747416496276855, 10.732633590698242, 10.724973678588867, 10.716474533081055, 10.708436012268066, 10.700833320617676, 10.688145637512207, 10.680665016174316, 10.675505638122559, 10.66727352142334, 10.648426055908203, 10.640434265136719, 10.631243705749512, 10.62183952331543, 10.619325637817383, 10.623425483703613, 10.613456726074219, 10.594550132751465, 10.582352638244629, 10.572286605834961, 10.573792457580566, 10.560931205749512, 10.573529243469238, 10.571830749511719, 10.56081485748291, 10.559810638427734, 10.544528007507324, 10.534852027893066, 10.533886909484863, 10.511250495910645, 10.502583503723145, 10.488529205322266, 10.485231399536133, 10.498579978942871, 10.483089447021484, 10.47920036315918, 10.468875885009766, 10.465707778930664, 10.458853721618652, 10.451911926269531, 10.448137283325195, 10.430015563964844, 10.424914360046387, 10.419651985168457, 10.414522171020508, 10.408170700073242, 10.395739555358887, 10.375439643859863, 10.37104320526123, 10.358846664428711, 10.350611686706543, 10.347408294677734, 10.337944984436035, 10.331832885742188, 10.318502426147461, 10.309532165527344, 10.301568031311035, 10.310235023498535, 10.300421714782715, 10.288890838623047, 10.277545928955078, 10.28663158416748, 10.279373168945312, 10.271587371826172, 10.258124351501465, 10.254240989685059, 10.24210262298584, 10.233165740966797, 10.225770950317383, 10.208636283874512, 10.206530570983887, 10.198661804199219, 10.192014694213867, 10.191777229309082, 10.185676574707031, 10.175338745117188, 10.174333572387695, 10.160837173461914, 10.164746284484863, 10.147448539733887, 10.13578987121582, 10.137264251708984, 10.12772274017334, 10.116772651672363, 10.110527038574219, 10.093232154846191, 10.10497760772705, 10.092775344848633, 10.087688446044922, 10.086881637573242, 10.072808265686035, 10.067190170288086, 10.058389663696289, 10.047198295593262], "grad_norms": [2.2661798000335693, 1.7149583101272583, 1.8797054290771484, 1.8002369403839111, 1.5318764448165894, 1.2847511768341064, 0.9525808095932007, 0.8485968708992004, 0.8000656366348267, 0.8365599513053894, 0.7872816324234009, 0.7489206790924072, 0.7403659224510193, 0.7522693872451782, 0.7363590598106384, 0.7604794502258301, 0.9464411735534668, 0.9029393792152405, 0.8598136901855469, 0.8766800165176392, 0.8342711329460144, 0.9338915348052979, 0.7523229122161865, 0.9246805906295776, 0.8736257553100586, 0.8789509534835815, 0.8480965495109558, 0.8600611090660095, 0.8797608613967896, 0.7833150029182434, 0.7897292375564575, 0.7439574003219604, 0.7733882069587708, 0.7636140584945679, 0.7542724013328552, 0.7893583178520203, 0.8132297992706299, 0.814304530620575, 0.7743062376976013, 0.7399289608001709, 0.7550226449966431, 0.7449520826339722, 0.7450006604194641, 0.7292054891586304, 0.7472386360168457, 0.7262696027755737, 0.7068150043487549, 0.7421488165855408, 0.7374517917633057, 0.7156611680984497, 0.739778995513916, 0.7235453128814697, 0.7274673581123352, 0.9091066718101501, 0.8865697383880615, 0.9161137938499451, 0.884337842464447, 0.8260617852210999, 0.8056566119194031, 0.8410925269126892, 0.8841497302055359, 0.892758846282959, 0.8543561100959778, 0.8357821106910706, 0.7704342007637024, 0.7594571113586426, 0.7598683834075928, 0.7638434767723083, 0.7566120624542236, 0.7547750473022461, 0.7550129890441895, 0.7469939589500427, 0.7661407589912415, 0.7604116797447205, 0.7823619842529297, 0.7978656888008118, 0.7748746275901794, 0.7616738080978394, 0.7613257169723511, 0.8029428720474243, 0.7916786074638367, 0.8020735383033752, 0.7938596606254578, 0.8132245540618896, 0.7866675853729248, 0.7928784489631653, 0.7948412299156189, 0.7791725397109985, 0.7945177555084229, 0.7852268815040588, 0.7963663339614868, 0.8025170564651489, 0.7593702077865601, 0.7662186622619629, 0.7515961527824402, 0.7461342215538025, 0.740883469581604, 0.7453194856643677, 0.7533087730407715, 0.7451760172843933], "final_loss": 10.047198295593262, "file_name": "./losses_and_grad_norms/hd40_nh1_nl10_bs16_gc1.5.png"}