{"losses": [10.837267875671387, 10.821110725402832, 10.806384086608887, 10.793633460998535, 10.778552055358887, 10.762781143188477, 10.747980117797852, 10.737509727478027, 10.722939491271973, 10.721386909484863, 10.708137512207031, 10.705178260803223, 10.69461727142334, 10.688434600830078, 10.674546241760254, 10.676980972290039, 10.671257019042969, 10.657445907592773, 10.646499633789062, 10.6414794921875, 10.633044242858887, 10.635900497436523, 10.62612533569336, 10.61233901977539, 10.603184700012207, 10.596471786499023, 10.592947006225586, 10.576727867126465, 10.586051940917969, 10.5796537399292, 10.56975269317627, 10.566885948181152, 10.552919387817383, 10.546195030212402, 10.541114807128906, 10.527853965759277, 10.518235206604004, 10.504590034484863, 10.504852294921875, 10.507574081420898, 10.498656272888184, 10.485187530517578, 10.481468200683594, 10.473945617675781, 10.466835975646973, 10.456586837768555, 10.456673622131348, 10.442673683166504, 10.435575485229492, 10.430431365966797, 10.425406455993652, 10.419912338256836, 10.402463912963867, 10.398356437683105, 10.387659072875977, 10.384077072143555, 10.368024826049805, 10.363809585571289, 10.355998039245605, 10.353177070617676, 10.331568717956543, 10.329130172729492, 10.324378967285156, 10.321629524230957, 10.310301780700684, 10.302894592285156, 10.293926239013672, 10.291196823120117, 10.285416603088379, 10.278244018554688, 10.261300086975098, 10.262929916381836, 10.252185821533203, 10.243459701538086, 10.234308242797852, 10.222180366516113, 10.21577262878418, 10.208824157714844, 10.201026916503906, 10.197564125061035, 10.193729400634766, 10.182796478271484, 10.180998802185059, 10.167071342468262, 10.167853355407715, 10.154953956604004, 10.145779609680176, 10.147403717041016, 10.136519432067871, 10.123425483703613, 10.118733406066895, 10.108551979064941, 10.110987663269043, 10.102306365966797, 10.090041160583496, 10.091536521911621, 10.079103469848633, 10.074854850769043, 10.065564155578613, 10.055403709411621], "grad_norms": [2.026047706604004, 1.7628767490386963, 1.7988399267196655, 1.8525424003601074, 1.66501784324646, 1.291780948638916, 1.0486682653427124, 0.8828737139701843, 0.8035944104194641, 0.7659650444984436, 0.8092325925827026, 0.7726799845695496, 0.7524113059043884, 0.7561736106872559, 0.7517833709716797, 0.7495895028114319, 0.9080619215965271, 0.8889798521995544, 0.861993670463562, 0.8582044839859009, 0.8393893837928772, 0.8257229924201965, 0.7545773386955261, 0.8334253430366516, 0.8871895670890808, 0.8941056132316589, 0.8540297746658325, 0.8700604438781738, 0.8223264217376709, 0.7822713851928711, 0.7927327752113342, 0.7466766834259033, 0.7766054272651672, 0.7694408297538757, 0.7541611790657043, 0.7942681908607483, 0.814915120601654, 0.8049445748329163, 0.779784083366394, 0.7357661128044128, 0.7518784403800964, 0.7460150718688965, 0.7488197684288025, 0.7318373322486877, 0.7447284460067749, 0.7268689870834351, 0.7135219573974609, 0.7459969520568848, 0.7454995512962341, 0.7164890766143799, 0.7411248087882996, 0.7480048537254333, 0.7465708255767822, 0.9880145788192749, 0.9302658438682556, 0.9349717497825623, 0.8914169073104858, 0.8026357889175415, 0.7857108116149902, 0.8474799990653992, 0.8859538435935974, 0.8973829746246338, 0.8564077019691467, 0.7933148741722107, 0.7569154500961304, 0.7587986588478088, 0.7621098160743713, 0.7617950439453125, 0.7539769411087036, 0.7567039728164673, 0.7568383812904358, 0.7565156817436218, 0.7820674777030945, 0.767168402671814, 0.7828028202056885, 0.7981127500534058, 0.7843533754348755, 0.7743317484855652, 0.7739772796630859, 0.8208919763565063, 0.8064214587211609, 0.8096652626991272, 0.79913729429245, 0.811348557472229, 0.7865225672721863, 0.7932385206222534, 0.7964506149291992, 0.7842606902122498, 0.7975699305534363, 0.7934972047805786, 0.8150020837783813, 0.8177179098129272, 0.7690322995185852, 0.783031702041626, 0.7692914605140686, 0.76070636510849, 0.7711700797080994, 0.7752020359039307, 0.770911455154419, 0.760660707950592], "final_loss": 10.055403709411621, "file_name": "./losses_and_grad_norms/hd40_nh20_nl10_bs16_gc1.5.png"}