{"losses": [10.832859992980957, 10.828153610229492, 10.823630332946777, 10.819439888000488, 10.815424919128418, 10.811251640319824, 10.807048797607422, 10.800559997558594, 10.79622745513916, 10.789273262023926, 10.782062530517578, 10.77104377746582, 10.760272979736328, 10.7481107711792, 10.737308502197266, 10.723855018615723, 10.711522102355957, 10.698450088500977, 10.681182861328125, 10.675353050231934, 10.66051959991455, 10.650280952453613, 10.643242835998535, 10.623400688171387, 10.621784210205078, 10.600460052490234, 10.600160598754883, 10.58472728729248, 10.58126449584961, 10.584800720214844, 10.569087982177734, 10.566789627075195, 10.553857803344727, 10.544529914855957, 10.536384582519531, 10.519895553588867, 10.508246421813965, 10.499248504638672, 10.491686820983887, 10.500993728637695, 10.484471321105957, 10.480927467346191, 10.467381477355957, 10.464495658874512, 10.452102661132812, 10.44432258605957, 10.44143009185791, 10.426733016967773, 10.42165756225586, 10.412129402160645, 10.407045364379883, 10.398856163024902, 10.386287689208984, 10.369696617126465, 10.35800552368164, 10.351250648498535, 10.337252616882324, 10.329815864562988, 10.325769424438477, 10.32129192352295, 10.310754776000977, 10.295143127441406, 10.290042877197266, 10.287362098693848, 10.276761054992676, 10.26635456085205, 10.253841400146484, 10.25893497467041, 10.268107414245605, 10.25040340423584, 10.236845970153809, 10.234009742736816, 10.223569869995117, 10.209310531616211, 10.204277992248535, 10.188429832458496, 10.174510955810547, 10.16626262664795, 10.160913467407227, 10.160812377929688, 10.157974243164062, 10.14775562286377, 10.142389297485352, 10.128047943115234, 10.129382133483887, 10.116077423095703, 10.103473663330078, 10.109106063842773, 10.097162246704102, 10.081585884094238, 10.076693534851074, 10.062397956848145, 10.072404861450195, 10.061903953552246, 10.054404258728027, 10.049466133117676, 10.03770923614502, 10.036026954650879, 10.025580406188965, 10.012890815734863], "grad_norms": [0.9618966579437256, 0.9247261881828308, 0.9636103510856628, 1.0152091979980469, 1.0495147705078125, 1.0951364040374756, 1.163473129272461, 1.2256295680999756, 1.2877658605575562, 1.3180564641952515, 1.3796968460083008, 1.4841954708099365, 1.4436670541763306, 1.4531035423278809, 1.4231622219085693, 1.3310706615447998, 1.3517366647720337, 1.3336058855056763, 1.1625810861587524, 1.1342378854751587, 1.0463835000991821, 0.9277201890945435, 0.8822060823440552, 0.8929994106292725, 0.9334086775779724, 0.9279850721359253, 0.8766804337501526, 0.8889375329017639, 0.7888034582138062, 0.7774789333343506, 0.7964248657226562, 0.7602376937866211, 0.786685049533844, 0.7718144655227661, 0.756836473941803, 0.7843798995018005, 0.8075746893882751, 0.8094354867935181, 0.7784702181816101, 0.727091908454895, 0.7521907091140747, 0.7451698184013367, 0.7461017370223999, 0.7272350192070007, 0.7419925928115845, 0.7249712347984314, 0.7137293815612793, 0.7426435947418213, 0.7392067909240723, 0.7167169451713562, 0.7336008548736572, 0.721921980381012, 0.7290268540382385, 0.8846316933631897, 0.8732956647872925, 0.900558352470398, 0.8771762251853943, 0.7824974656105042, 0.781029462814331, 0.8395865559577942, 0.8859636783599854, 0.8951890468597412, 0.8489460945129395, 0.7673066258430481, 0.7604119181632996, 0.7592115998268127, 0.7611483931541443, 0.7462685108184814, 0.7555851936340332, 0.7595454454421997, 0.7557279467582703, 0.7532835602760315, 0.768261194229126, 0.7582052946090698, 0.7767372727394104, 0.7941884994506836, 0.7656978964805603, 0.7651571035385132, 0.7644500136375427, 0.7958001494407654, 0.7861746549606323, 0.7948386669158936, 0.7838354706764221, 0.8043663501739502, 0.7800986766815186, 0.7923771739006042, 0.7906303405761719, 0.7764881253242493, 0.7860692143440247, 0.7777090072631836, 0.7941524982452393, 0.8000838160514832, 0.7518535256385803, 0.764652669429779, 0.753733217716217, 0.7483053803443909, 0.7434808015823364, 0.7483692169189453, 0.7524349689483643, 0.7466571927070618], "final_loss": 10.012890815734863, "file_name": "./losses_and_grad_norms/hd40_nh1_nl2_bs16_gc1.5.png"}