{"losses": [10.829910278320312, 10.812222480773926, 10.794554710388184, 10.777436256408691, 10.75892162322998, 10.74185562133789, 10.733243942260742, 10.720861434936523, 10.709954261779785, 10.705953598022461, 10.696022987365723, 10.685046195983887, 10.679046630859375, 10.670397758483887, 10.66242790222168, 10.661638259887695, 10.643122673034668, 10.627091407775879, 10.620587348937988, 10.614689826965332, 10.605485916137695, 10.615962982177734, 10.605748176574707, 10.584437370300293, 10.572286605834961, 10.558128356933594, 10.558300018310547, 10.547453880310059, 10.56761360168457, 10.559176445007324, 10.547311782836914, 10.547672271728516, 10.53299331665039, 10.523863792419434, 10.526175498962402, 10.506275177001953, 10.497869491577148, 10.489309310913086, 10.482876777648926, 10.48893928527832, 10.471761703491211, 10.469273567199707, 10.462068557739258, 10.457737922668457, 10.447881698608398, 10.44112491607666, 10.439929962158203, 10.425424575805664, 10.413046836853027, 10.410551071166992, 10.403352737426758, 10.395428657531738, 10.386096000671387, 10.379860877990723, 10.355335235595703, 10.344389915466309, 10.343483924865723, 10.348410606384277, 10.333642959594727, 10.327269554138184, 10.308920860290527, 10.30181884765625, 10.300400733947754, 10.304548263549805, 10.29200553894043, 10.281129837036133, 10.274520874023438, 10.274109840393066, 10.269794464111328, 10.257370948791504, 10.24683952331543, 10.242929458618164, 10.231877326965332, 10.225281715393066, 10.21580696105957, 10.206470489501953, 10.198904991149902, 10.193851470947266, 10.190202713012695, 10.18513298034668, 10.179201126098633, 10.165534973144531, 10.166851997375488, 10.157342910766602, 10.15599536895752, 10.14416217803955, 10.133955955505371, 10.127385139465332, 10.12532901763916, 10.113556861877441, 10.106200218200684, 10.089966773986816, 10.100932121276855, 10.08032512664795, 10.079733848571777, 10.075663566589355, 10.065006256103516, 10.063145637512207, 10.055662155151367, 10.039958953857422], "grad_norms": [2.942950487136841, 2.1411120891571045, 2.1513009071350098, 1.6007181406021118, 1.2152103185653687, 0.9157732129096985, 0.8054808378219604, 0.7600420117378235, 0.7405402660369873, 0.7802025675773621, 0.7683801651000977, 0.7546582818031311, 0.74528568983078, 0.7448010444641113, 0.7471731901168823, 0.7444726228713989, 0.8908578753471375, 0.9033187031745911, 0.8687937259674072, 0.8651144504547119, 0.8456560969352722, 0.852834939956665, 0.744448721408844, 0.8530882596969604, 0.8922165036201477, 0.8859462141990662, 0.8481360077857971, 0.864826500415802, 0.8637488484382629, 0.8083516359329224, 0.7979496717453003, 0.7541184425354004, 0.7813020944595337, 0.7688031792640686, 0.7569311857223511, 0.788923978805542, 0.8148329854011536, 0.8072804808616638, 0.7768168449401855, 0.7424368858337402, 0.757553219795227, 0.7428836226463318, 0.7466111183166504, 0.7293521165847778, 0.7439299821853638, 0.7282605767250061, 0.7133989334106445, 0.7528449892997742, 0.7647804617881775, 0.7528432011604309, 0.7547416090965271, 0.7439132332801819, 0.8161137700080872, 0.9366315007209778, 0.8790190815925598, 0.914067804813385, 0.8855871558189392, 0.7997627854347229, 0.7870473265647888, 0.8448088765144348, 0.8992206454277039, 0.9241383671760559, 0.9033277630805969, 0.8386223316192627, 0.7768781185150146, 0.771406888961792, 0.7703157663345337, 0.8117188215255737, 0.8262130618095398, 0.8655508160591125, 0.9052605032920837, 0.8704884648323059, 0.8678544163703918, 0.8192921280860901, 0.8288857340812683, 0.8027587532997131, 0.7685449719429016, 0.7618899345397949, 0.7652989029884338, 0.8157615065574646, 0.7863351702690125, 0.7925192713737488, 0.7844451665878296, 0.8044147491455078, 0.7793328762054443, 0.7938229441642761, 0.7897551655769348, 0.7801666259765625, 0.7955576777458191, 0.7874314188957214, 0.8136353492736816, 0.818203866481781, 0.7686877846717834, 0.779225766658783, 0.7625401020050049, 0.7499653100967407, 0.7450426816940308, 0.7518739104270935, 0.7822705507278442, 0.7782599329948425], "final_loss": 10.039958953857422, "file_name": "./losses_and_grad_norms/hd40_nh5_nl10_bs16_gc1.png"}