{"losses": [10.825716972351074, 10.812342643737793, 10.798563957214355, 10.784769058227539, 10.770113945007324, 10.75753116607666, 10.743265151977539, 10.731104850769043, 10.720246315002441, 10.71791934967041, 10.708429336547852, 10.699331283569336, 10.688204765319824, 10.684279441833496, 10.673176765441895, 10.664922714233398, 10.665266036987305, 10.656033515930176, 10.647319793701172, 10.636186599731445, 10.630593299865723, 10.623644828796387, 10.614997863769531, 10.60912799835205, 10.595564842224121, 10.587822914123535, 10.582615852355957, 10.570784568786621, 10.575262069702148, 10.574644088745117, 10.564956665039062, 10.561629295349121, 10.549760818481445, 10.539948463439941, 10.532914161682129, 10.515149116516113, 10.506061553955078, 10.492077827453613, 10.490194320678711, 10.498241424560547, 10.48508358001709, 10.484241485595703, 10.472888946533203, 10.468681335449219, 10.461114883422852, 10.454769134521484, 10.452224731445312, 10.433746337890625, 10.428619384765625, 10.42726993560791, 10.420548439025879, 10.410533905029297, 10.40112590789795, 10.397859573364258, 10.387539863586426, 10.382454872131348, 10.371192932128906, 10.362324714660645, 10.354558944702148, 10.353527069091797, 10.335166931152344, 10.33222770690918, 10.32559871673584, 10.325420379638672, 10.313631057739258, 10.304547309875488, 10.292989730834961, 10.290763854980469, 10.28452205657959, 10.277953147888184, 10.26253890991211, 10.259639739990234, 10.251238822937012, 10.243311882019043, 10.233654975891113, 10.222075462341309, 10.219253540039062, 10.213812828063965, 10.206777572631836, 10.205798149108887, 10.200699806213379, 10.187433242797852, 10.187732696533203, 10.1744966506958, 10.176487922668457, 10.1619873046875, 10.153495788574219, 10.15151596069336, 10.14252758026123, 10.132423400878906, 10.12248706817627, 10.112883567810059, 10.113500595092773, 10.106487274169922, 10.097281455993652, 10.095809936523438, 10.082427024841309, 10.078680992126465, 10.071100234985352, 10.05688762664795], "grad_norms": [1.6655491590499878, 1.5576672554016113, 1.6290172338485718, 1.543157696723938, 1.3480597734451294, 1.0249488353729248, 0.8705457448959351, 0.7830726504325867, 0.7739167809486389, 0.7751671075820923, 0.7610076069831848, 0.7487714290618896, 0.7430987358093262, 0.7392135262489319, 0.7441778182983398, 0.7298228740692139, 0.8853495717048645, 0.9084492325782776, 0.8669623136520386, 0.8655429482460022, 0.8412910103797913, 0.832020103931427, 0.7497366666793823, 0.8499725461006165, 0.874416172504425, 0.88853520154953, 0.8486142158508301, 0.8642779588699341, 0.8086038827896118, 0.7825881242752075, 0.8002222180366516, 0.7497426271438599, 0.7751060724258423, 0.764091968536377, 0.7503094673156738, 0.785578191280365, 0.814850926399231, 0.8086619973182678, 0.7799885869026184, 0.7356483936309814, 0.760086178779602, 0.755721390247345, 0.7532140612602234, 0.7371551394462585, 0.7463980317115784, 0.7296537160873413, 0.7125986218452454, 0.7538599371910095, 0.7754777669906616, 0.7441225647926331, 0.7469369173049927, 0.7358460426330566, 0.748589038848877, 0.99582839012146, 0.9461351037025452, 0.9394255876541138, 0.8911558389663696, 0.8084051609039307, 0.8014194369316101, 0.8510085344314575, 0.8848598599433899, 0.8950878381729126, 0.8494073152542114, 0.783703625202179, 0.7617521286010742, 0.7584885954856873, 0.759841799736023, 0.7588217258453369, 0.7550021409988403, 0.7636444568634033, 0.7519006729125977, 0.7482054829597473, 0.7674275636672974, 0.7546116709709167, 0.7757678627967834, 0.8012878894805908, 0.7726613283157349, 0.7628457546234131, 0.7657043933868408, 0.799996554851532, 0.7868553996086121, 0.7922120094299316, 0.7822924256324768, 0.8066123723983765, 0.7842264771461487, 0.7965976595878601, 0.7942618131637573, 0.776936948299408, 0.7904344797134399, 0.7797869443893433, 0.8006488084793091, 0.8069472312927246, 0.769371509552002, 0.7765200138092041, 0.7574313282966614, 0.7479417324066162, 0.7419224381446838, 0.743529200553894, 0.7513764500617981, 0.746695339679718], "final_loss": 10.05688762664795, "file_name": "./losses_and_grad_norms/hd40_nh20_nl10_bs16_gc1.png"}