{"losses": [10.828015327453613, 10.824597358703613, 10.823899269104004, 10.817174911499023, 10.816143035888672, 10.81499195098877, 10.812362670898438, 10.803744316101074, 10.8048095703125, 10.802740097045898, 10.796439170837402, 10.788968086242676, 10.786683082580566, 10.782095909118652, 10.77348518371582, 10.765915870666504, 10.760040283203125, 10.753934860229492, 10.743803977966309, 10.732626914978027, 10.721087455749512, 10.704626083374023, 10.69239330291748, 10.683180809020996, 10.667749404907227, 10.654197692871094, 10.648406028747559, 10.62952709197998, 10.618330955505371, 10.612405776977539, 10.598238945007324, 10.591350555419922, 10.573196411132812, 10.559412002563477, 10.55805492401123, 10.533172607421875, 10.52525520324707, 10.51136302947998, 10.503317832946777, 10.504595756530762, 10.48524284362793, 10.482028007507324, 10.473067283630371, 10.463543891906738, 10.455526351928711, 10.449972152709961, 10.443845748901367, 10.427008628845215, 10.417109489440918, 10.409863471984863, 10.405172348022461, 10.39476203918457, 10.381290435791016, 10.369671821594238, 10.356695175170898, 10.344442367553711, 10.33474063873291, 10.326449394226074, 10.318449020385742, 10.31641960144043, 10.301214218139648, 10.284697532653809, 10.286128997802734, 10.273550033569336, 10.26208209991455, 10.256136894226074, 10.245644569396973, 10.246599197387695, 10.241532325744629, 10.229642868041992, 10.220645904541016, 10.212690353393555, 10.202886581420898, 10.190445899963379, 10.179248809814453, 10.169326782226562, 10.155397415161133, 10.145343780517578, 10.139189720153809, 10.136265754699707, 10.131361961364746, 10.118894577026367, 10.118807792663574, 10.102249145507812, 10.101120948791504, 10.087578773498535, 10.07411003112793, 10.071355819702148, 10.068617820739746, 10.05115032196045, 10.040629386901855, 10.029419898986816, 10.037859916687012, 10.027840614318848, 10.020224571228027, 10.019719123840332, 10.001517295837402, 10.001150131225586, 9.992963790893555, 9.976943016052246], "grad_norms": [0.8852366209030151, 0.7836997509002686, 0.8399549722671509, 0.8560446500778198, 0.8748608827590942, 0.8636069297790527, 0.9102984666824341, 0.9289451241493225, 0.9862505793571472, 1.0576286315917969, 1.079292893409729, 1.1051450967788696, 1.1666162014007568, 1.1845875978469849, 1.23762845993042, 1.250625491142273, 1.3525612354278564, 1.3918421268463135, 1.406840205192566, 1.4247417449951172, 1.4049023389816284, 1.3463605642318726, 1.29328191280365, 1.3286584615707397, 1.322122573852539, 1.2998336553573608, 1.1871311664581299, 1.1789194345474243, 1.0453845262527466, 1.0079774856567383, 0.9744929671287537, 0.9277197122573853, 0.9080400466918945, 0.8680923581123352, 0.8493106365203857, 0.8501546382904053, 0.8547181487083435, 0.8440887928009033, 0.8075616955757141, 0.7596452236175537, 0.775705099105835, 0.7624316811561584, 0.7561752200126648, 0.7400056719779968, 0.7481438517570496, 0.7353228330612183, 0.7204931974411011, 0.7480395436286926, 0.7445098757743835, 0.7215063571929932, 0.7366387248039246, 0.7263922691345215, 0.7295215725898743, 0.878452479839325, 0.8740218281745911, 0.898344099521637, 0.8751120567321777, 0.7797638773918152, 0.7796432971954346, 0.8387516140937805, 0.883446455001831, 0.8942276835441589, 0.8466248512268066, 0.7607893347740173, 0.7571524381637573, 0.7572002410888672, 0.7618228793144226, 0.7476162910461426, 0.7550597786903381, 0.7583890557289124, 0.7562347054481506, 0.7534872889518738, 0.7677248120307922, 0.7580346465110779, 0.7768145203590393, 0.7914336919784546, 0.7631120681762695, 0.762991726398468, 0.7635879516601562, 0.7941060662269592, 0.7862372994422913, 0.7937746047973633, 0.782625138759613, 0.8046855926513672, 0.7797914147377014, 0.7908141613006592, 0.7903636693954468, 0.7767259478569031, 0.7863480448722839, 0.777076005935669, 0.7944427132606506, 0.799652636051178, 0.7525817155838013, 0.7655622363090515, 0.754705548286438, 0.7486878037452698, 0.7451949119567871, 0.7463082671165466, 0.7536501884460449, 0.748420000076294], "final_loss": 9.976943016052246, "file_name": "./losses_and_grad_norms/hd40_nh20_nl1_bs16_gc2.5.png"}