{"losses": [10.831866264343262, 10.813270568847656, 10.800311088562012, 10.784952163696289, 10.762622833251953, 10.749683380126953, 10.735641479492188, 10.724112510681152, 10.711750984191895, 10.702458381652832, 10.690547943115234, 10.68460464477539, 10.676037788391113, 10.666812896728516, 10.659749984741211, 10.657066345214844, 10.655009269714355, 10.639703750610352, 10.629749298095703, 10.62232494354248, 10.615654945373535, 10.621038436889648, 10.609846115112305, 10.595486640930176, 10.57996654510498, 10.567069053649902, 10.573396682739258, 10.554119110107422, 10.570110321044922, 10.559774398803711, 10.5475435256958, 10.544953346252441, 10.531725883483887, 10.522331237792969, 10.517679214477539, 10.504219055175781, 10.504095077514648, 10.488518714904785, 10.485762596130371, 10.488481521606445, 10.47458267211914, 10.473044395446777, 10.461725234985352, 10.458961486816406, 10.446839332580566, 10.444811820983887, 10.439290046691895, 10.427690505981445, 10.419425010681152, 10.419002532958984, 10.412294387817383, 10.40583610534668, 10.393010139465332, 10.379959106445312, 10.368807792663574, 10.362276077270508, 10.349318504333496, 10.352862358093262, 10.343245506286621, 10.336453437805176, 10.319602012634277, 10.3095703125, 10.309635162353516, 10.31299877166748, 10.301651000976562, 10.291194915771484, 10.287147521972656, 10.28504753112793, 10.278430938720703, 10.26923656463623, 10.259332656860352, 10.252564430236816, 10.242063522338867, 10.232966423034668, 10.22530746459961, 10.218576431274414, 10.210541725158691, 10.203184127807617, 10.196572303771973, 10.186226844787598, 10.185982704162598, 10.170393943786621, 10.170700073242188, 10.154027938842773, 10.156739234924316, 10.14201545715332, 10.131224632263184, 10.133638381958008, 10.123652458190918, 10.1129789352417, 10.102585792541504, 10.09414005279541, 10.103025436401367, 10.093443870544434, 10.086337089538574, 10.08649730682373, 10.074373245239258, 10.068058967590332, 10.060006141662598, 10.052239418029785], "grad_norms": [2.055043935775757, 1.8033143281936646, 1.8933324813842773, 1.8584564924240112, 1.6039718389511108, 1.332884669303894, 0.9526134729385376, 0.829992949962616, 0.766583263874054, 0.8014302253723145, 0.7645420432090759, 0.7586350440979004, 0.7469807267189026, 0.7498607635498047, 0.7477479577064514, 0.7744568586349487, 0.9333605170249939, 0.9104404449462891, 0.8741239309310913, 0.8539720177650452, 0.8354906439781189, 0.8888672590255737, 0.7526998519897461, 0.8710400462150574, 0.8810068368911743, 0.8941888213157654, 0.8488451838493347, 0.8736981749534607, 0.8928173184394836, 0.820789098739624, 0.8034670352935791, 0.7556662559509277, 0.7807528376579285, 0.7733908295631409, 0.7541573643684387, 0.7885181903839111, 0.8252661228179932, 0.8120075464248657, 0.7852945327758789, 0.7362933158874512, 0.7567526698112488, 0.7454527616500854, 0.7449975609779358, 0.7310304045677185, 0.7427251935005188, 0.724931001663208, 0.7112331986427307, 0.7415450811386108, 0.7375717759132385, 0.7172748446464539, 0.730714738368988, 0.7246008515357971, 0.7310806512832642, 0.9216752052307129, 0.8848474025726318, 0.903843879699707, 0.8852828145027161, 0.8095691800117493, 0.8020509481430054, 0.8653175830841064, 0.9157372713088989, 0.9333043694496155, 0.8879672288894653, 0.8225893378257751, 0.7697439789772034, 0.7601644396781921, 0.7609049081802368, 0.7701477408409119, 0.7621217370033264, 0.7617257237434387, 0.7565315365791321, 0.7509123682975769, 0.7663318514823914, 0.7564223408699036, 0.7771844863891602, 0.8193641901016235, 0.7979112267494202, 0.7693000435829163, 0.7710327506065369, 0.8049455881118774, 0.7917866110801697, 0.7965875864028931, 0.7932410836219788, 0.8176420331001282, 0.7959260940551758, 0.8150103092193604, 0.8198321461677551, 0.8169683218002319, 0.8258196115493774, 0.8074309825897217, 0.8093315958976746, 0.8095294237136841, 0.7652603983879089, 0.7661607265472412, 0.7511107921600342, 0.747818648815155, 0.7438244223594666, 0.7453235387802124, 0.7539300322532654, 0.7481843829154968], "final_loss": 10.052239418029785, "file_name": "./losses_and_grad_norms/hd40_nh10_nl10_bs16_gc1.5.png"}