{"losses": [10.82547664642334, 10.825002670288086, 10.821662902832031, 10.816828727722168, 10.8112154006958, 10.808135032653809, 10.805591583251953, 10.799407005310059, 10.78955078125, 10.787657737731934, 10.777873039245605, 10.766032218933105, 10.757766723632812, 10.75003433227539, 10.739041328430176, 10.730202674865723, 10.72288703918457, 10.708005905151367, 10.69272518157959, 10.676982879638672, 10.666632652282715, 10.65641975402832, 10.6489839553833, 10.629941940307617, 10.613984107971191, 10.599234580993652, 10.599051475524902, 10.581088066101074, 10.584102630615234, 10.578164100646973, 10.562893867492676, 10.559415817260742, 10.544830322265625, 10.53880786895752, 10.528765678405762, 10.511063575744629, 10.499643325805664, 10.484871864318848, 10.487549781799316, 10.493608474731445, 10.478452682495117, 10.470537185668945, 10.460591316223145, 10.456316947937012, 10.444854736328125, 10.440446853637695, 10.436076164245605, 10.425759315490723, 10.410737037658691, 10.404108047485352, 10.402206420898438, 10.395336151123047, 10.381449699401855, 10.360525131225586, 10.353090286254883, 10.348004341125488, 10.3303861618042, 10.329084396362305, 10.321989059448242, 10.315817832946777, 10.299463272094727, 10.289660453796387, 10.285574913024902, 10.284555435180664, 10.272041320800781, 10.265219688415527, 10.256734848022461, 10.256552696228027, 10.256685256958008, 10.241852760314941, 10.22623348236084, 10.221159934997559, 10.21340274810791, 10.203751564025879, 10.195606231689453, 10.18111515045166, 10.172187805175781, 10.165788650512695, 10.157240867614746, 10.151159286499023, 10.14692211151123, 10.1328706741333, 10.132390022277832, 10.119014739990234, 10.115141868591309, 10.104866981506348, 10.090923309326172, 10.095649719238281, 10.08393669128418, 10.068523406982422, 10.058186531066895, 10.051830291748047, 10.062345504760742, 10.048951148986816, 10.043362617492676, 10.043498039245605, 10.029794692993164, 10.029109954833984, 10.019722938537598, 10.00389289855957], "grad_norms": [1.1594538688659668, 0.9784526824951172, 1.0922267436981201, 1.0852110385894775, 1.1332162618637085, 1.1509995460510254, 1.1566228866577148, 1.242283582687378, 1.3738062381744385, 1.3815207481384277, 1.4886130094528198, 1.495918869972229, 1.5071851015090942, 1.4806492328643799, 1.4478421211242676, 1.3969465494155884, 1.409635066986084, 1.3341925144195557, 1.3089332580566406, 1.135206937789917, 1.0712617635726929, 0.9532753825187683, 0.9041697382926941, 0.8968998789787292, 0.9248220324516296, 0.9048748016357422, 0.8777326345443726, 0.8775404691696167, 0.7661834359169006, 0.7748892903327942, 0.7973642945289612, 0.7561338543891907, 0.7772301435470581, 0.7706167101860046, 0.7523857355117798, 0.7779148817062378, 0.8016355633735657, 0.80153489112854, 0.7732391357421875, 0.7247033715248108, 0.7520493268966675, 0.7445310950279236, 0.745533287525177, 0.7273994088172913, 0.740843653678894, 0.7249273657798767, 0.7131070494651794, 0.7410816550254822, 0.7400166392326355, 0.7155597805976868, 0.7336907386779785, 0.721071183681488, 0.7288024425506592, 0.8871511816978455, 0.8758735656738281, 0.8986995220184326, 0.8780763149261475, 0.7793824672698975, 0.7795972228050232, 0.8407021164894104, 0.887414813041687, 0.8976108431816101, 0.8495470285415649, 0.7688445448875427, 0.7611337304115295, 0.7604489922523499, 0.7613800764083862, 0.7486472725868225, 0.7550815343856812, 0.7587582468986511, 0.7568176984786987, 0.7539463043212891, 0.7685592770576477, 0.7581112384796143, 0.7768347263336182, 0.792745053768158, 0.7628365755081177, 0.7622146010398865, 0.7626932859420776, 0.7972964644432068, 0.7874959111213684, 0.795348584651947, 0.7847602367401123, 0.8059948682785034, 0.7809174656867981, 0.7930107712745667, 0.7914802432060242, 0.7772411108016968, 0.7872147560119629, 0.7784573435783386, 0.7958460450172424, 0.8006202578544617, 0.7529521584510803, 0.7660017609596252, 0.7537118196487427, 0.7486035823822021, 0.7439965009689331, 0.7460421919822693, 0.7529510855674744, 0.7476457953453064], "final_loss": 10.00389289855957, "file_name": "./losses_and_grad_norms/hd40_nh20_nl2_bs16_gc1.png"}