{"losses": [10.83540153503418, 10.833331108093262, 10.830526351928711, 10.828922271728516, 10.824726104736328, 10.818885803222656, 10.81929874420166, 10.815361022949219, 10.8080415725708, 10.809154510498047, 10.806175231933594, 10.800488471984863, 10.798123359680176, 10.791196823120117, 10.784971237182617, 10.78133773803711, 10.77436637878418, 10.76280689239502, 10.754283905029297, 10.751769065856934, 10.740041732788086, 10.727551460266113, 10.720643997192383, 10.701720237731934, 10.6870756149292, 10.67586898803711, 10.670561790466309, 10.650744438171387, 10.647873878479004, 10.64168930053711, 10.623549461364746, 10.622416496276855, 10.602437019348145, 10.593393325805664, 10.5844087600708, 10.561244010925293, 10.551125526428223, 10.53792953491211, 10.531240463256836, 10.530401229858398, 10.512703895568848, 10.505989074707031, 10.495000839233398, 10.489945411682129, 10.476673126220703, 10.464138984680176, 10.462751388549805, 10.44689655303955, 10.434860229492188, 10.430441856384277, 10.41895866394043, 10.410737991333008, 10.39699649810791, 10.392165184020996, 10.372213363647461, 10.368400573730469, 10.357954025268555, 10.347084999084473, 10.335987091064453, 10.33144760131836, 10.316377639770508, 10.309470176696777, 10.301687240600586, 10.292426109313965, 10.284233093261719, 10.271595001220703, 10.259511947631836, 10.25910472869873, 10.256093978881836, 10.242575645446777, 10.226482391357422, 10.220715522766113, 10.211019515991211, 10.202641487121582, 10.193845748901367, 10.182011604309082, 10.175792694091797, 10.166786193847656, 10.160284042358398, 10.158793449401855, 10.15267276763916, 10.140195846557617, 10.139562606811523, 10.124468803405762, 10.121562004089355, 10.109752655029297, 10.097819328308105, 10.094955444335938, 10.09130573272705, 10.074707984924316, 10.064582824707031, 10.055354118347168, 10.055987358093262, 10.047982215881348, 10.033050537109375, 10.032662391662598, 10.01979923248291, 10.016106605529785, 10.009366035461426, 9.995002746582031], "grad_norms": [0.7293415665626526, 0.7306480407714844, 0.7514266967773438, 0.7538121342658997, 0.7907886505126953, 0.7651735544204712, 0.770437479019165, 0.8080698251724243, 0.8202537298202515, 0.7849236130714417, 0.8569098711013794, 0.8790126442909241, 0.9017776846885681, 0.9331187605857849, 0.9693471789360046, 1.0425010919570923, 1.079962134361267, 1.1516015529632568, 1.1710736751556396, 1.2093111276626587, 1.1909769773483276, 1.1958619356155396, 1.2030155658721924, 1.1823064088821411, 1.1636172533035278, 1.1385208368301392, 1.1093817949295044, 1.0800279378890991, 0.997830331325531, 0.9438718557357788, 0.9710261821746826, 0.9178073406219482, 0.8895897269248962, 0.8742071390151978, 0.8439856171607971, 0.8343676328659058, 0.8496620655059814, 0.8466090559959412, 0.8151043653488159, 0.7708163857460022, 0.7851951718330383, 0.77158522605896, 0.7626988887786865, 0.7495166659355164, 0.7560750842094421, 0.73540198802948, 0.7220518589019775, 0.7473716139793396, 0.7460647225379944, 0.7224375605583191, 0.7360277771949768, 0.7222257256507874, 0.7290573120117188, 0.8858262300491333, 0.8727399110794067, 0.8977913856506348, 0.875504195690155, 0.7765694856643677, 0.7786175608634949, 0.8373716473579407, 0.8843514323234558, 0.8927446603775024, 0.8468842506408691, 0.7602594494819641, 0.754978597164154, 0.7564247250556946, 0.7574032545089722, 0.7455857396125793, 0.7523649334907532, 0.7555894255638123, 0.7537491917610168, 0.7526747584342957, 0.7659215331077576, 0.756317138671875, 0.7740294933319092, 0.7904043197631836, 0.7605451345443726, 0.7609268426895142, 0.7612335681915283, 0.7926835417747498, 0.784841775894165, 0.7931730151176453, 0.7820441126823425, 0.8035699725151062, 0.7790970802307129, 0.7900741696357727, 0.7887976169586182, 0.7747167348861694, 0.7845377326011658, 0.7762777209281921, 0.793255627155304, 0.7978301644325256, 0.7505042552947998, 0.7633246779441833, 0.7523981332778931, 0.7472806572914124, 0.7435055375099182, 0.7449575662612915, 0.7517136931419373, 0.7466108798980713], "final_loss": 9.995002746582031, "file_name": "./losses_and_grad_norms/hd40_nh5_nl1_bs16_gc1.5.png"}