{"losses": [10.83195972442627, 10.816681861877441, 10.802142143249512, 10.788022994995117, 10.774811744689941, 10.764458656311035, 10.751821517944336, 10.741308212280273, 10.728574752807617, 10.720184326171875, 10.70925521850586, 10.698864936828613, 10.691915512084961, 10.685606002807617, 10.677912712097168, 10.678549766540527, 10.652456283569336, 10.649556159973145, 10.638264656066895, 10.625814437866211, 10.626090049743652, 10.639510154724121, 10.631474494934082, 10.605154991149902, 10.584226608276367, 10.576382637023926, 10.580527305603027, 10.565788269042969, 10.585956573486328, 10.571041107177734, 10.563740730285645, 10.560853004455566, 10.547727584838867, 10.538869857788086, 10.53807544708252, 10.519845962524414, 10.516613006591797, 10.506855010986328, 10.501852035522461, 10.507338523864746, 10.489912986755371, 10.486800193786621, 10.480659484863281, 10.472912788391113, 10.465609550476074, 10.459047317504883, 10.458640098571777, 10.441659927368164, 10.434171676635742, 10.430328369140625, 10.427518844604492, 10.418527603149414, 10.410640716552734, 10.384657859802246, 10.378164291381836, 10.366250038146973, 10.36139965057373, 10.365939140319824, 10.357439041137695, 10.344441413879395, 10.330586433410645, 10.318496704101562, 10.319217681884766, 10.32556438446045, 10.322114944458008, 10.3091402053833, 10.301004409790039, 10.300543785095215, 10.292853355407715, 10.28940486907959, 10.273569107055664, 10.270379066467285, 10.261737823486328, 10.251328468322754, 10.244538307189941, 10.239227294921875, 10.226909637451172, 10.221171379089355, 10.216202735900879, 10.205135345458984, 10.201615333557129, 10.189311981201172, 10.186883926391602, 10.172971725463867, 10.176528930664062, 10.162229537963867, 10.153975486755371, 10.150155067443848, 10.1422700881958, 10.13156795501709, 10.122865676879883, 10.11427116394043, 10.127178192138672, 10.11276626586914, 10.109100341796875, 10.109726905822754, 10.095904350280762, 10.09312915802002, 10.086153030395508, 10.076074600219727], "grad_norms": [1.6394884586334229, 1.5287270545959473, 1.5667829513549805, 1.3419957160949707, 1.2671185731887817, 1.0649216175079346, 0.9149572849273682, 0.8152927160263062, 0.7928611636161804, 0.788594663143158, 0.7854582667350769, 0.7453801035881042, 0.7472385764122009, 0.7468603849411011, 0.7490575909614563, 0.7544594407081604, 0.8585262298583984, 0.8815363049507141, 0.8608651161193848, 0.8609704375267029, 0.8369607329368591, 0.825024425983429, 0.7502557635307312, 0.8387708067893982, 0.8878545761108398, 0.8969816565513611, 0.8604644536972046, 0.8670287132263184, 0.81684410572052, 0.7685102820396423, 0.7937490344047546, 0.746102511882782, 0.7766674160957336, 0.7687679529190063, 0.7689246535301208, 0.7942733764648438, 0.8136217594146729, 0.8032309412956238, 0.777466893196106, 0.7364498376846313, 0.753118634223938, 0.7447118163108826, 0.7486491203308105, 0.7378051280975342, 0.7437412142753601, 0.7233104109764099, 0.7176939845085144, 0.7421916127204895, 0.7370103001594543, 0.7280833125114441, 0.7548120617866516, 0.7677229046821594, 0.7659767866134644, 0.9912357926368713, 0.9680263996124268, 0.9794322848320007, 0.9070482850074768, 0.8063539266586304, 0.7853710055351257, 0.847293496131897, 0.8854401111602783, 0.8947438597679138, 0.8620373010635376, 0.7886916995048523, 0.7585230469703674, 0.7591481804847717, 0.759731650352478, 0.7530562877655029, 0.7523765563964844, 0.7561360001564026, 0.7568097710609436, 0.7597733736038208, 0.7762256264686584, 0.7587931752204895, 0.7765175700187683, 0.8045262098312378, 0.7795120477676392, 0.7636805176734924, 0.7643834948539734, 0.8018854260444641, 0.788179337978363, 0.7949087619781494, 0.7849939465522766, 0.8033979535102844, 0.7801029682159424, 0.7959262132644653, 0.7926687598228455, 0.7764167785644531, 0.7867818474769592, 0.7794996500015259, 0.796564519405365, 0.7977479696273804, 0.7595552802085876, 0.7655977010726929, 0.7509749531745911, 0.7457564473152161, 0.7427929043769836, 0.7452510595321655, 0.7536838054656982, 0.7461059093475342], "final_loss": 10.076074600219727, "file_name": "./losses_and_grad_norms/hd40_nh1_nl10_bs16_gc2.5.png"}