{"losses": [10.830989837646484, 10.830134391784668, 10.827969551086426, 10.820108413696289, 10.818628311157227, 10.815271377563477, 10.811516761779785, 10.811542510986328, 10.804866790771484, 10.800361633300781, 10.7922945022583, 10.787784576416016, 10.780397415161133, 10.77507495880127, 10.763266563415527, 10.754557609558105, 10.742596626281738, 10.726075172424316, 10.714127540588379, 10.704655647277832, 10.686410903930664, 10.684442520141602, 10.674180030822754, 10.648069381713867, 10.63479232788086, 10.624371528625488, 10.6145658493042, 10.600300788879395, 10.606926918029785, 10.60186767578125, 10.58889102935791, 10.583667755126953, 10.568902015686035, 10.560253143310547, 10.555028915405273, 10.534101486206055, 10.519282341003418, 10.510449409484863, 10.505581855773926, 10.5120267868042, 10.497322082519531, 10.49329948425293, 10.48043155670166, 10.478555679321289, 10.464471817016602, 10.458660125732422, 10.457038879394531, 10.442806243896484, 10.42920207977295, 10.422074317932129, 10.416257858276367, 10.410454750061035, 10.39389705657959, 10.381879806518555, 10.368350982666016, 10.355669021606445, 10.352131843566895, 10.346817016601562, 10.339179039001465, 10.330069541931152, 10.31491756439209, 10.305464744567871, 10.30091667175293, 10.301973342895508, 10.290752410888672, 10.285563468933105, 10.271767616271973, 10.272549629211426, 10.267518997192383, 10.256190299987793, 10.244026184082031, 10.239052772521973, 10.227164268493652, 10.216253280639648, 10.208230972290039, 10.195730209350586, 10.186867713928223, 10.182351112365723, 10.175569534301758, 10.166830062866211, 10.16594123840332, 10.150039672851562, 10.148041725158691, 10.133343696594238, 10.134849548339844, 10.122703552246094, 10.109627723693848, 10.105859756469727, 10.100780487060547, 10.088587760925293, 10.075793266296387, 10.062040328979492, 10.075260162353516, 10.060565948486328, 10.052168846130371, 10.048487663269043, 10.038166046142578, 10.031283378601074, 10.028521537780762, 10.013771057128906], "grad_norms": [0.9738695621490479, 0.8445020914077759, 0.8709626197814941, 0.875514030456543, 0.8940908312797546, 0.8967099189758301, 0.9847468137741089, 0.9798173904418945, 1.0174100399017334, 1.0943864583969116, 1.1363087892532349, 1.1844828128814697, 1.207760214805603, 1.3427586555480957, 1.3561407327651978, 1.391271710395813, 1.5166736841201782, 1.5122230052947998, 1.449597954750061, 1.4022101163864136, 1.2840303182601929, 1.176583170890808, 1.0793448686599731, 1.0418031215667725, 1.0651335716247559, 1.0192941427230835, 0.9508180022239685, 0.917336642742157, 0.8173031210899353, 0.7993385195732117, 0.8283546566963196, 0.7688333988189697, 0.7884095311164856, 0.7784200310707092, 0.7580279111862183, 0.781730592250824, 0.8017907738685608, 0.8047285676002502, 0.7748050689697266, 0.7284117341041565, 0.7531024813652039, 0.7436097860336304, 0.7461233139038086, 0.7250516414642334, 0.7408348321914673, 0.7239331603050232, 0.7115969061851501, 0.7408277988433838, 0.737906277179718, 0.7150129675865173, 0.7331766486167908, 0.7199631929397583, 0.7275355458259583, 0.8891031742095947, 0.875373899936676, 0.899122953414917, 0.8779379725456238, 0.7799302339553833, 0.7800145745277405, 0.838768720626831, 0.885170042514801, 0.8942480087280273, 0.8483173847198486, 0.7658311128616333, 0.7610909342765808, 0.7597233653068542, 0.7613196969032288, 0.7474295496940613, 0.7566125392913818, 0.757987916469574, 0.7542762756347656, 0.7518935203552246, 0.7673758268356323, 0.756845235824585, 0.7759504914283752, 0.7921270728111267, 0.7647111415863037, 0.7628044486045837, 0.7618873119354248, 0.7963241338729858, 0.7887381315231323, 0.7947316765785217, 0.7835862636566162, 0.8035945296287537, 0.7793103456497192, 0.7919350266456604, 0.7897945642471313, 0.7762874364852905, 0.7858104109764099, 0.7766399383544922, 0.7933599948883057, 0.798760175704956, 0.751284658908844, 0.7651538252830505, 0.7526493668556213, 0.7476658225059509, 0.7426514029502869, 0.7459390163421631, 0.7513373494148254, 0.747015118598938], "final_loss": 10.013771057128906, "file_name": "./losses_and_grad_norms/hd40_nh10_nl2_bs16_gc2.5.png"}