{"losses": [10.829845428466797, 10.81891918182373, 10.804244041442871, 10.7914400100708, 10.78012752532959, 10.768498420715332, 10.756159782409668, 10.747651100158691, 10.73482608795166, 10.729381561279297, 10.717842102050781, 10.71099853515625, 10.704161643981934, 10.696669578552246, 10.685978889465332, 10.676081657409668, 10.684832572937012, 10.671838760375977, 10.665834426879883, 10.653786659240723, 10.650689125061035, 10.63645076751709, 10.626760482788086, 10.62912654876709, 10.619986534118652, 10.612671852111816, 10.606921195983887, 10.597203254699707, 10.589893341064453, 10.591440200805664, 10.583442687988281, 10.577072143554688, 10.56711483001709, 10.55683708190918, 10.555960655212402, 10.534225463867188, 10.526835441589355, 10.51562213897705, 10.509310722351074, 10.515396118164062, 10.506299018859863, 10.498744010925293, 10.490987777709961, 10.487013816833496, 10.478448867797852, 10.470166206359863, 10.471796035766602, 10.458856582641602, 10.446405410766602, 10.442380905151367, 10.438343048095703, 10.433775901794434, 10.42059326171875, 10.427068710327148, 10.410475730895996, 10.409351348876953, 10.395331382751465, 10.383151054382324, 10.371194839477539, 10.37900161743164, 10.36186695098877, 10.357213020324707, 10.347758293151855, 10.332335472106934, 10.320364952087402, 10.3095703125, 10.299468040466309, 10.306610107421875, 10.305926322937012, 10.294604301452637, 10.282976150512695, 10.2811861038208, 10.27127742767334, 10.265409469604492, 10.25085735321045, 10.234868049621582, 10.229842185974121, 10.220926284790039, 10.218241691589355, 10.220657348632812, 10.215245246887207, 10.205501556396484, 10.202903747558594, 10.18924331665039, 10.187623977661133, 10.175619125366211, 10.163865089416504, 10.163117408752441, 10.157872200012207, 10.143630981445312, 10.13803768157959, 10.124116897583008, 10.1287202835083, 10.117754936218262, 10.113428115844727, 10.111530303955078, 10.097297668457031, 10.093687057495117, 10.088923454284668, 10.076774597167969], "grad_norms": [1.910744071006775, 1.3874841928482056, 1.5763062238693237, 1.486846923828125, 1.1726269721984863, 1.0369153022766113, 0.9423063397407532, 0.8270649313926697, 0.8214571475982666, 0.7952442169189453, 0.7743053436279297, 0.7483896017074585, 0.7491834759712219, 0.7403232455253601, 0.7477540969848633, 0.7368067502975464, 0.9083136916160583, 0.9026514887809753, 0.8701221942901611, 0.8531613349914551, 0.8353435397148132, 0.8392839431762695, 0.7646791934967041, 0.8352055549621582, 0.8768026232719421, 0.8931445479393005, 0.8651288151741028, 0.8619496822357178, 0.8191851377487183, 0.7853977680206299, 0.7984877824783325, 0.7472763657569885, 0.7752554416656494, 0.7722344994544983, 0.7526983022689819, 0.7843254804611206, 0.8106848001480103, 0.8076651692390442, 0.7791944742202759, 0.7311325669288635, 0.7530866265296936, 0.7457006573677063, 0.7535330057144165, 0.7360630631446838, 0.7471979856491089, 0.7294513583183289, 0.7106199860572815, 0.7376801371574402, 0.7357176542282104, 0.715906023979187, 0.731581449508667, 0.7378477454185486, 0.7501133680343628, 0.9301997423171997, 0.8838584423065186, 0.9170109629631042, 0.8887773156166077, 0.8035497069358826, 0.7813668847084045, 0.8407163023948669, 0.8825618624687195, 0.8947901725769043, 0.8528333306312561, 0.7921860218048096, 0.7640303373336792, 0.7586687803268433, 0.7577698826789856, 0.7504376769065857, 0.7508835196495056, 0.7507799863815308, 0.7503249645233154, 0.7461061477661133, 0.7652400732040405, 0.7556583881378174, 0.777164101600647, 0.7971863746643066, 0.7706763744354248, 0.7609333992004395, 0.7624273896217346, 0.7968751788139343, 0.790245771408081, 0.8025981187820435, 0.7909142971038818, 0.8122822642326355, 0.7824404835700989, 0.794766902923584, 0.7914261221885681, 0.7757245898246765, 0.7860221266746521, 0.779215931892395, 0.8029270172119141, 0.7985963821411133, 0.7505209445953369, 0.7582491040229797, 0.748863697052002, 0.7439027428627014, 0.7396119832992554, 0.7401106953620911, 0.7474752068519592, 0.7430128455162048], "final_loss": 10.076774597167969, "file_name": "./losses_and_grad_norms/hd40_nh20_nl10_bs16_gc2.5.png"}