{"losses": [10.831772804260254, 10.83026123046875, 10.833285331726074, 10.827864646911621, 10.822587966918945, 10.819385528564453, 10.81751823425293, 10.813021659851074, 10.811285018920898, 10.811450958251953, 10.807469367980957, 10.800689697265625, 10.794816017150879, 10.79207992553711, 10.788143157958984, 10.78203010559082, 10.76987075805664, 10.762431144714355, 10.750957489013672, 10.74478816986084, 10.736529350280762, 10.737305641174316, 10.727812767028809, 10.704277038574219, 10.69354248046875, 10.676986694335938, 10.666444778442383, 10.653227806091309, 10.661432266235352, 10.647671699523926, 10.629861831665039, 10.621200561523438, 10.60175609588623, 10.588176727294922, 10.579010963439941, 10.556164741516113, 10.542998313903809, 10.524161338806152, 10.51846694946289, 10.516536712646484, 10.498008728027344, 10.489110946655273, 10.480354309082031, 10.470160484313965, 10.457451820373535, 10.442133903503418, 10.439093589782715, 10.42404556274414, 10.413369178771973, 10.405817985534668, 10.396933555603027, 10.386579513549805, 10.372345924377441, 10.355524063110352, 10.348437309265137, 10.3333158493042, 10.323554039001465, 10.318199157714844, 10.309225082397461, 10.29758358001709, 10.279622077941895, 10.273483276367188, 10.261223793029785, 10.268436431884766, 10.260076522827148, 10.252243041992188, 10.239466667175293, 10.231976509094238, 10.229530334472656, 10.215600967407227, 10.196730613708496, 10.193754196166992, 10.184772491455078, 10.175230026245117, 10.163854598999023, 10.154926300048828, 10.148957252502441, 10.13790512084961, 10.131956100463867, 10.126777648925781, 10.120340347290039, 10.105603218078613, 10.104564666748047, 10.0894193649292, 10.084214210510254, 10.07271957397461, 10.061491012573242, 10.06099796295166, 10.054834365844727, 10.038602828979492, 10.026738166809082, 10.015229225158691, 10.020364761352539, 10.010698318481445, 9.998842239379883, 9.999807357788086, 9.984936714172363, 9.976884841918945, 9.970876693725586, 9.961048126220703], "grad_norms": [0.7826786041259766, 0.7582290768623352, 0.7760492563247681, 0.80788254737854, 0.8126159906387329, 0.8152058124542236, 0.8689866662025452, 0.8841075301170349, 0.9030828475952148, 0.975654125213623, 0.9869521856307983, 1.0054961442947388, 1.0928425788879395, 1.0845171213150024, 1.141615867614746, 1.1473689079284668, 1.302797794342041, 1.3360105752944946, 1.3894227743148804, 1.424680233001709, 1.4023162126541138, 1.3350669145584106, 1.3283092975616455, 1.393430233001709, 1.4034295082092285, 1.3855628967285156, 1.31566321849823, 1.2828090190887451, 1.225265622138977, 1.1794294118881226, 1.1283273696899414, 1.0718765258789062, 1.0309120416641235, 0.9577085375785828, 0.9286620020866394, 0.9018248915672302, 0.904625415802002, 0.8711798191070557, 0.8463306427001953, 0.7918968796730042, 0.7917866110801697, 0.7778939604759216, 0.7749143838882446, 0.751524031162262, 0.759884238243103, 0.7397282719612122, 0.7216189503669739, 0.7518779635429382, 0.747225821018219, 0.7206026911735535, 0.7375606298446655, 0.7239536643028259, 0.7325664162635803, 0.8847348690032959, 0.8731487393379211, 0.8978540301322937, 0.8741313815116882, 0.7774501442909241, 0.777137041091919, 0.8371872305870056, 0.8842556476593018, 0.8934608101844788, 0.8474168181419373, 0.7646900415420532, 0.7581955790519714, 0.7597712278366089, 0.7617751359939575, 0.7494640350341797, 0.7542654871940613, 0.7592905759811401, 0.7553194761276245, 0.7537164092063904, 0.7685464024543762, 0.7586097121238708, 0.7773407697677612, 0.7913936376571655, 0.7621259093284607, 0.7622630000114441, 0.7628500461578369, 0.7951734662055969, 0.7876058220863342, 0.7954797744750977, 0.7846460938453674, 0.8060851097106934, 0.7809187173843384, 0.7923994660377502, 0.7915252447128296, 0.7777951955795288, 0.7874563336372375, 0.7784733772277832, 0.7953140735626221, 0.8008460998535156, 0.7527076601982117, 0.7664333581924438, 0.7551494240760803, 0.7496110796928406, 0.7458861470222473, 0.7477370500564575, 0.7545817494392395, 0.7491726875305176], "final_loss": 9.961048126220703, "file_name": "./losses_and_grad_norms/hd40_nh5_nl1_bs16_gc1.png"}