{"losses": [10.83003044128418, 10.832438468933105, 10.8245210647583, 10.822128295898438, 10.822134017944336, 10.817028999328613, 10.814436912536621, 10.808122634887695, 10.80624771118164, 10.803238868713379, 10.800966262817383, 10.79662036895752, 10.790604591369629, 10.784634590148926, 10.778901100158691, 10.777118682861328, 10.767555236816406, 10.75650691986084, 10.749686241149902, 10.741925239562988, 10.734334945678711, 10.732231140136719, 10.726665496826172, 10.702879905700684, 10.685723304748535, 10.672249794006348, 10.667222023010254, 10.653132438659668, 10.655231475830078, 10.647014617919922, 10.63279914855957, 10.620511054992676, 10.604588508605957, 10.591975212097168, 10.57958698272705, 10.55702018737793, 10.546388626098633, 10.529879570007324, 10.520219802856445, 10.519617080688477, 10.501770973205566, 10.494237899780273, 10.481858253479004, 10.47385311126709, 10.457914352416992, 10.451745986938477, 10.446187973022461, 10.428479194641113, 10.417232513427734, 10.409735679626465, 10.401904106140137, 10.388968467712402, 10.378839492797852, 10.354161262512207, 10.339775085449219, 10.332606315612793, 10.318582534790039, 10.318636894226074, 10.304859161376953, 10.293253898620605, 10.276914596557617, 10.267438888549805, 10.257533073425293, 10.266839981079102, 10.257550239562988, 10.247664451599121, 10.240236282348633, 10.235488891601562, 10.228165626525879, 10.22126293182373, 10.203707695007324, 10.198322296142578, 10.18604564666748, 10.175640106201172, 10.167350769042969, 10.156851768493652, 10.14272689819336, 10.133336067199707, 10.127612113952637, 10.123140335083008, 10.11570930480957, 10.100839614868164, 10.09792423248291, 10.082975387573242, 10.082179069519043, 10.071356773376465, 10.060344696044922, 10.054855346679688, 10.047775268554688, 10.032045364379883, 10.021183967590332, 10.008893013000488, 10.020557403564453, 10.008602142333984, 9.99939250946045, 10.001288414001465, 9.986459732055664, 9.979129791259766, 9.972344398498535, 9.956984519958496], "grad_norms": [0.7517791986465454, 0.725037157535553, 0.7428328394889832, 0.7670783400535583, 0.7993140816688538, 0.7713071703910828, 0.7854275703430176, 0.8489609360694885, 0.8670939207077026, 0.933495044708252, 0.9573195576667786, 1.0053374767303467, 1.064756155014038, 1.0537176132202148, 1.1039245128631592, 1.0945987701416016, 1.2494736909866333, 1.3009777069091797, 1.3717210292816162, 1.370824933052063, 1.3745869398117065, 1.289170503616333, 1.2959765195846558, 1.3590126037597656, 1.3698580265045166, 1.388493299484253, 1.3267818689346313, 1.3088068962097168, 1.2185776233673096, 1.2441028356552124, 1.1919407844543457, 1.117026686668396, 1.1117808818817139, 1.0459469556808472, 0.98299241065979, 0.9496399164199829, 0.925572395324707, 0.9176422357559204, 0.8566868901252747, 0.8121351003646851, 0.8226655721664429, 0.8030301332473755, 0.7914028763771057, 0.7668147087097168, 0.7734262347221375, 0.7545728087425232, 0.7368952631950378, 0.7627994418144226, 0.7551144957542419, 0.7304258942604065, 0.7468791604042053, 0.7320347428321838, 0.7338921427726746, 0.8822124600410461, 0.8805634379386902, 0.9002259969711304, 0.8797582387924194, 0.7814628481864929, 0.7822276949882507, 0.8418194055557251, 0.8862674832344055, 0.8965797424316406, 0.8492599129676819, 0.763746440410614, 0.7578439116477966, 0.7580870389938354, 0.7609047889709473, 0.7478355765342712, 0.7566182017326355, 0.7609760165214539, 0.7575073838233948, 0.7556337118148804, 0.769504964351654, 0.7598577737808228, 0.7770962715148926, 0.7933295369148254, 0.7642426490783691, 0.764593780040741, 0.7653552293777466, 0.7950901389122009, 0.7866257429122925, 0.7954531311988831, 0.7842254042625427, 0.8059341907501221, 0.7812959551811218, 0.7926875948905945, 0.7918627858161926, 0.7774813175201416, 0.7874218821525574, 0.7792448401451111, 0.7959147691726685, 0.8008533120155334, 0.7534315586090088, 0.7669379115104675, 0.7553466558456421, 0.7498618364334106, 0.745598554611206, 0.7482883334159851, 0.7546195387840271, 0.7498343586921692], "final_loss": 9.956984519958496, "file_name": "./losses_and_grad_norms/hd40_nh20_nl1_bs16_gc1.png"}