{"losses": [10.832152366638184, 10.826498985290527, 10.822362899780273, 10.817601203918457, 10.810649871826172, 10.806187629699707, 10.800630569458008, 10.795949935913086, 10.78551197052002, 10.782946586608887, 10.77133846282959, 10.758416175842285, 10.747429847717285, 10.739276885986328, 10.723608016967773, 10.717425346374512, 10.703128814697266, 10.692266464233398, 10.678067207336426, 10.671799659729004, 10.660555839538574, 10.653023719787598, 10.642553329467773, 10.626925468444824, 10.609848976135254, 10.597884178161621, 10.597290992736816, 10.58115005493164, 10.5853853225708, 10.5708646774292, 10.563807487487793, 10.558815002441406, 10.54050350189209, 10.535313606262207, 10.528345108032227, 10.516029357910156, 10.505219459533691, 10.499794006347656, 10.48766803741455, 10.492111206054688, 10.4745454788208, 10.47227954864502, 10.46042537689209, 10.457405090332031, 10.442037582397461, 10.44158935546875, 10.431918144226074, 10.422111511230469, 10.413069725036621, 10.40505599975586, 10.401155471801758, 10.3928861618042, 10.383517265319824, 10.369112014770508, 10.354608535766602, 10.350454330444336, 10.337727546691895, 10.334205627441406, 10.327150344848633, 10.31932258605957, 10.303770065307617, 10.294886589050293, 10.287762641906738, 10.28869915008545, 10.277542114257812, 10.27370548248291, 10.264711380004883, 10.25892448425293, 10.255701065063477, 10.24541187286377, 10.229330062866211, 10.224968910217285, 10.215970993041992, 10.205340385437012, 10.198135375976562, 10.192336082458496, 10.183231353759766, 10.172313690185547, 10.16606616973877, 10.154317855834961, 10.151439666748047, 10.137816429138184, 10.136262893676758, 10.125101089477539, 10.12188720703125, 10.10804271697998, 10.09831714630127, 10.096087455749512, 10.088685989379883, 10.076788902282715, 10.062763214111328, 10.0551176071167, 10.063456535339355, 10.053911209106445, 10.043834686279297, 10.043907165527344, 10.028497695922852, 10.029805183410645, 10.018439292907715, 10.008854866027832], "grad_norms": [1.248443603515625, 1.1600580215454102, 1.2485578060150146, 1.2645491361618042, 1.3240208625793457, 1.3059486150741577, 1.3642765283584595, 1.4080435037612915, 1.532099723815918, 1.5475101470947266, 1.65010404586792, 1.6392379999160767, 1.5930867195129395, 1.5295064449310303, 1.5220229625701904, 1.3333741426467896, 1.2616392374038696, 1.207924723625183, 1.2060658931732178, 1.1034111976623535, 1.0394397974014282, 0.892529308795929, 0.8684064745903015, 0.9128443598747253, 0.9361268281936646, 0.9272441267967224, 0.887374222278595, 0.8831385374069214, 0.7820293307304382, 0.7798917889595032, 0.8012357354164124, 0.761590838432312, 0.786797046661377, 0.7778826355934143, 0.7616446614265442, 0.782434344291687, 0.8060994744300842, 0.8104860782623291, 0.7759777903556824, 0.7297375798225403, 0.7528213262557983, 0.7439252734184265, 0.7454193830490112, 0.7262130379676819, 0.7401856184005737, 0.7254443168640137, 0.7146466970443726, 0.7428500652313232, 0.7402961850166321, 0.7155893445014954, 0.7332425117492676, 0.7211641073226929, 0.7294727563858032, 0.8897137641906738, 0.8787271976470947, 0.9074431657791138, 0.8803316354751587, 0.7810022830963135, 0.7810624837875366, 0.8414992094039917, 0.8873491287231445, 0.8977786898612976, 0.8495732545852661, 0.7658193707466125, 0.760317325592041, 0.7594777941703796, 0.760380208492279, 0.7487123608589172, 0.7559285163879395, 0.7593150734901428, 0.755990207195282, 0.7540284395217896, 0.7676751017570496, 0.7574661374092102, 0.776835560798645, 0.7962366938591003, 0.7648670077323914, 0.7642174959182739, 0.7642821669578552, 0.79506516456604, 0.7861661911010742, 0.7940932512283325, 0.7832230925559998, 0.804813802242279, 0.780015766620636, 0.7916850447654724, 0.7907267212867737, 0.776646077632904, 0.7862939834594727, 0.7779011130332947, 0.7945612668991089, 0.7993316054344177, 0.7529614567756653, 0.7660691142082214, 0.7575653195381165, 0.7482844591140747, 0.7439408898353577, 0.7462809681892395, 0.7529175877571106, 0.747507631778717], "final_loss": 10.008854866027832, "file_name": "./losses_and_grad_norms/hd40_nh5_nl2_bs16_gc1.5.png"}