{"losses": [10.832231521606445, 10.82321548461914, 10.82176685333252, 10.824159622192383, 10.82109260559082, 10.814200401306152, 10.813379287719727, 10.812209129333496, 10.806846618652344, 10.807095527648926, 10.803302764892578, 10.799195289611816, 10.792487144470215, 10.789000511169434, 10.784055709838867, 10.784207344055176, 10.775740623474121, 10.766350746154785, 10.758623123168945, 10.750923156738281, 10.743742942810059, 10.740687370300293, 10.733613967895508, 10.707444190979004, 10.692934036254883, 10.677887916564941, 10.671546936035156, 10.652251243591309, 10.658835411071777, 10.645018577575684, 10.626729965209961, 10.621722221374512, 10.600486755371094, 10.590228080749512, 10.581482887268066, 10.563182830810547, 10.551268577575684, 10.53828239440918, 10.529448509216309, 10.525296211242676, 10.512439727783203, 10.502272605895996, 10.490019798278809, 10.481853485107422, 10.466772079467773, 10.460068702697754, 10.456440925598145, 10.434159278869629, 10.4285888671875, 10.421456336975098, 10.41064453125, 10.400877952575684, 10.390846252441406, 10.375409126281738, 10.358407974243164, 10.34899616241455, 10.339034080505371, 10.338691711425781, 10.326199531555176, 10.318662643432617, 10.293888092041016, 10.28475570678711, 10.285379409790039, 10.284454345703125, 10.272936820983887, 10.26391887664795, 10.254583358764648, 10.25039005279541, 10.243254661560059, 10.23119068145752, 10.219030380249023, 10.212980270385742, 10.202924728393555, 10.191446304321289, 10.183279991149902, 10.173933029174805, 10.163363456726074, 10.153875350952148, 10.148977279663086, 10.138182640075684, 10.133705139160156, 10.120550155639648, 10.121219635009766, 10.104748725891113, 10.10578727722168, 10.084145545959473, 10.079193115234375, 10.076739311218262, 10.066065788269043, 10.054632186889648, 10.045645713806152, 10.035794258117676, 10.037856101989746, 10.025232315063477, 10.015851974487305, 10.015600204467773, 10.004444122314453, 9.994540214538574, 9.984487533569336, 9.981314659118652], "grad_norms": [0.7598631978034973, 0.7123317122459412, 0.7310559153556824, 0.7094215154647827, 0.7885808944702148, 0.7425786852836609, 0.7574251294136047, 0.752501368522644, 0.8335328698158264, 0.8372239470481873, 0.8823782205581665, 0.8871622085571289, 0.9371479153633118, 0.9663001894950867, 1.0125749111175537, 1.0103830099105835, 1.1303558349609375, 1.2384753227233887, 1.2821799516677856, 1.2721713781356812, 1.310890555381775, 1.2058922052383423, 1.218584656715393, 1.3010677099227905, 1.3243069648742676, 1.3353750705718994, 1.2710338830947876, 1.2600101232528687, 1.1242157220840454, 1.0478355884552002, 1.0533416271209717, 0.9831662178039551, 0.9868339896202087, 0.931467592716217, 0.901625394821167, 0.8913436532020569, 0.8947741389274597, 0.8840228319168091, 0.8365100622177124, 0.7782121300697327, 0.7944927215576172, 0.7810422778129578, 0.7684876918792725, 0.7577247023582458, 0.758581280708313, 0.7393412590026855, 0.7277600169181824, 0.754898726940155, 0.7482455968856812, 0.722148597240448, 0.7380384206771851, 0.7247931957244873, 0.7317189574241638, 0.8797988295555115, 0.8695109486579895, 0.8950394988059998, 0.8757418990135193, 0.7775483131408691, 0.7780824303627014, 0.8367800712585449, 0.8819321393966675, 0.8919957280158997, 0.8455080986022949, 0.7631890773773193, 0.7569624781608582, 0.7572839856147766, 0.7598541975021362, 0.745593249797821, 0.7537388801574707, 0.7554261684417725, 0.7535274028778076, 0.7512051463127136, 0.7660007476806641, 0.7566789388656616, 0.7747370004653931, 0.7915452122688293, 0.7632182836532593, 0.7628476619720459, 0.7624753713607788, 0.7927250862121582, 0.7858258485794067, 0.7929084300994873, 0.7824714779853821, 0.8036884069442749, 0.7790030241012573, 0.7909442782402039, 0.7899349927902222, 0.7754741907119751, 0.7853595018386841, 0.777028501033783, 0.7934883832931519, 0.799048900604248, 0.7512914538383484, 0.7647354602813721, 0.7535244822502136, 0.7478666305541992, 0.7436090111732483, 0.7463242411613464, 0.7528839111328125, 0.7472302317619324], "final_loss": 9.981314659118652, "file_name": "./losses_and_grad_norms/hd40_nh5_nl1_bs16_gc2.5.png"}