{"losses": [10.835590362548828, 10.827959060668945, 10.82643985748291, 10.820978164672852, 10.817272186279297, 10.815367698669434, 10.809758186340332, 10.804388999938965, 10.7965669631958, 10.796589851379395, 10.788333892822266, 10.781966209411621, 10.770626068115234, 10.766609191894531, 10.754557609558105, 10.750984191894531, 10.739912986755371, 10.724913597106934, 10.709884643554688, 10.704754829406738, 10.68908977508545, 10.687039375305176, 10.676039695739746, 10.651089668273926, 10.63590145111084, 10.622462272644043, 10.613608360290527, 10.598432540893555, 10.608590126037598, 10.602128028869629, 10.585362434387207, 10.58039379119873, 10.566570281982422, 10.554793357849121, 10.547438621520996, 10.534468650817871, 10.518399238586426, 10.507405281066895, 10.499944686889648, 10.50819206237793, 10.490280151367188, 10.485286712646484, 10.47506046295166, 10.469767570495605, 10.45815658569336, 10.4518461227417, 10.445570945739746, 10.43457317352295, 10.422622680664062, 10.415326118469238, 10.411477088928223, 10.402115821838379, 10.389829635620117, 10.371618270874023, 10.362025260925293, 10.353529930114746, 10.341819763183594, 10.34193229675293, 10.331461906433105, 10.32302474975586, 10.30363655090332, 10.2993803024292, 10.288978576660156, 10.298065185546875, 10.285080909729004, 10.279738426208496, 10.26733112335205, 10.262763023376465, 10.256752014160156, 10.249152183532715, 10.232918739318848, 10.22792911529541, 10.217039108276367, 10.204785346984863, 10.197876930236816, 10.18725872039795, 10.183589935302734, 10.177711486816406, 10.165264129638672, 10.1586332321167, 10.15527057647705, 10.14048957824707, 10.137495040893555, 10.121342658996582, 10.121399879455566, 10.113595008850098, 10.099296569824219, 10.096685409545898, 10.089797973632812, 10.078532218933105, 10.067601203918457, 10.051032066345215, 10.062134742736816, 10.055815696716309, 10.04525089263916, 10.04141902923584, 10.026180267333984, 10.024665832519531, 10.012189865112305, 10.003690719604492], "grad_norms": [1.0512288808822632, 0.9085782766342163, 0.9979589581489563, 0.9900978207588196, 0.9832494854927063, 1.0038752555847168, 1.0063152313232422, 1.0624817609786987, 1.1762136220932007, 1.1655529737472534, 1.280514121055603, 1.3266246318817139, 1.3731365203857422, 1.3562458753585815, 1.3526426553726196, 1.3448729515075684, 1.4877387285232544, 1.5200731754302979, 1.4436689615249634, 1.3359678983688354, 1.2559374570846558, 1.0434203147888184, 0.9305921196937561, 0.9721193909645081, 0.9797272682189941, 0.9640969634056091, 0.8888393044471741, 0.8947484493255615, 0.7821316719055176, 0.7859460711479187, 0.8052844405174255, 0.7643200159072876, 0.7784054279327393, 0.7727468609809875, 0.7511023879051208, 0.7765066623687744, 0.8038153052330017, 0.8079305291175842, 0.7753995656967163, 0.7246250510215759, 0.748971700668335, 0.7393142580986023, 0.745056688785553, 0.7245312333106995, 0.7390475273132324, 0.723365068435669, 0.7108972072601318, 0.739359438419342, 0.7383577227592468, 0.7147585153579712, 0.7308573126792908, 0.7189589738845825, 0.7271106839179993, 0.8886667490005493, 0.8740360736846924, 0.8983450531959534, 0.8776564002037048, 0.7798704504966736, 0.7794872522354126, 0.838163435459137, 0.885702908039093, 0.8957552313804626, 0.848199725151062, 0.7664610743522644, 0.760617733001709, 0.7592794895172119, 0.7599813938140869, 0.7485229969024658, 0.7571672201156616, 0.7572680115699768, 0.7559698224067688, 0.7524600028991699, 0.7678514122962952, 0.7574482560157776, 0.7761318683624268, 0.7957273125648499, 0.7637647390365601, 0.7622420191764832, 0.7618240714073181, 0.7977919578552246, 0.7875606417655945, 0.793988823890686, 0.7834632992744446, 0.8045209646224976, 0.7800647616386414, 0.7919018864631653, 0.7899539470672607, 0.7762841582298279, 0.7856780886650085, 0.7773925065994263, 0.7939563393592834, 0.7995160222053528, 0.7523388266563416, 0.7654298543930054, 0.752896249294281, 0.7475990056991577, 0.7434990406036377, 0.7453414797782898, 0.7522726058959961, 0.7480829954147339], "final_loss": 10.003690719604492, "file_name": "./losses_and_grad_norms/hd40_nh10_nl2_bs16_gc1.png"}