{"losses": [10.828370094299316, 10.832480430603027, 10.825126647949219, 10.822277069091797, 10.820829391479492, 10.819286346435547, 10.815694808959961, 10.81213665008545, 10.805660247802734, 10.801005363464355, 10.7993745803833, 10.793564796447754, 10.788985252380371, 10.782002449035645, 10.776365280151367, 10.764032363891602, 10.766558647155762, 10.758803367614746, 10.743213653564453, 10.737257957458496, 10.72370719909668, 10.708173751831055, 10.691243171691895, 10.686897277832031, 10.670287132263184, 10.660360336303711, 10.647027015686035, 10.63538932800293, 10.624954223632812, 10.621051788330078, 10.60356330871582, 10.599272727966309, 10.577088356018066, 10.570107460021973, 10.563036918640137, 10.536723136901855, 10.523871421813965, 10.511540412902832, 10.502644538879395, 10.511056900024414, 10.495823860168457, 10.484358787536621, 10.476529121398926, 10.468673706054688, 10.457671165466309, 10.445978164672852, 10.44166088104248, 10.421916007995605, 10.412424087524414, 10.411069869995117, 10.3982572555542, 10.387478828430176, 10.375386238098145, 10.373356819152832, 10.355772972106934, 10.345794677734375, 10.339203834533691, 10.331778526306152, 10.322792053222656, 10.311532974243164, 10.296117782592773, 10.283764839172363, 10.279844284057617, 10.279766082763672, 10.26984691619873, 10.258108139038086, 10.253076553344727, 10.241456031799316, 10.231464385986328, 10.222030639648438, 10.211122512817383, 10.205307006835938, 10.19278621673584, 10.182645797729492, 10.174713134765625, 10.165691375732422, 10.16415786743164, 10.15947437286377, 10.14969539642334, 10.145702362060547, 10.137417793273926, 10.125925064086914, 10.126835823059082, 10.113500595092773, 10.10608959197998, 10.09459114074707, 10.08447551727295, 10.083564758300781, 10.078275680541992, 10.060310363769531, 10.054163932800293, 10.041990280151367, 10.042044639587402, 10.02485179901123, 10.021261215209961, 10.019392967224121, 10.008832931518555, 10.002147674560547, 9.990630149841309, 9.981078147888184], "grad_norms": [0.9091294407844543, 0.8006093502044678, 0.8444733619689941, 0.8546379208564758, 0.8884745240211487, 0.898805558681488, 0.9100556373596191, 0.9149438738822937, 0.965356171131134, 0.9506019949913025, 0.9680873155593872, 1.0170292854309082, 1.0582094192504883, 1.0795838832855225, 1.103313684463501, 1.1331117153167725, 1.278382658958435, 1.3468958139419556, 1.337035059928894, 1.3820298910140991, 1.328908920288086, 1.2228304147720337, 1.189872145652771, 1.2442646026611328, 1.305280327796936, 1.239060878753662, 1.2035309076309204, 1.151568055152893, 0.9831880927085876, 0.9600961208343506, 0.9464712142944336, 0.8999630212783813, 0.8888472318649292, 0.8616887331008911, 0.8297668099403381, 0.8496384620666504, 0.8560613989830017, 0.8508952856063843, 0.8124377131462097, 0.7583142518997192, 0.7744837999343872, 0.766204833984375, 0.7603089809417725, 0.7429982423782349, 0.7502420544624329, 0.7392549514770508, 0.7218892574310303, 0.7486095428466797, 0.7475404143333435, 0.7208528518676758, 0.7365339398384094, 0.7246088981628418, 0.7309608459472656, 0.8779218792915344, 0.8728811144828796, 0.8984198570251465, 0.8753210306167603, 0.7765844464302063, 0.7771430015563965, 0.8387936949729919, 0.8842478394508362, 0.8938785791397095, 0.8473876714706421, 0.7615048289299011, 0.7557937502861023, 0.7580353617668152, 0.7584819793701172, 0.7463098764419556, 0.7550147175788879, 0.7571858167648315, 0.7559020519256592, 0.7530961036682129, 0.7683637142181396, 0.7577762603759766, 0.776696503162384, 0.7916723489761353, 0.7612783312797546, 0.7614299654960632, 0.762132465839386, 0.7937685251235962, 0.7853345274925232, 0.7936245799064636, 0.7831332683563232, 0.8038808107376099, 0.779454231262207, 0.7919877171516418, 0.7900148630142212, 0.7759621143341064, 0.7857494354248047, 0.7774072885513306, 0.7937601804733276, 0.7988118529319763, 0.7515206933021545, 0.7654764652252197, 0.7537980675697327, 0.7489427924156189, 0.7439467906951904, 0.7463822364807129, 0.7532357573509216, 0.747428297996521], "final_loss": 9.981078147888184, "file_name": "./losses_and_grad_norms/hd40_nh20_nl1_bs16_gc1.5.png"}