{"losses": [10.835908889770508, 10.818601608276367, 10.805272102355957, 10.786416053771973, 10.772563934326172, 10.758918762207031, 10.74287223815918, 10.734159469604492, 10.720932006835938, 10.70665454864502, 10.696852684020996, 10.686727523803711, 10.683501243591309, 10.671526908874512, 10.663361549377441, 10.660626411437988, 10.643722534179688, 10.630005836486816, 10.623778343200684, 10.612813949584961, 10.603734970092773, 10.61878490447998, 10.61097240447998, 10.584599494934082, 10.579704284667969, 10.562630653381348, 10.559630393981934, 10.547788619995117, 10.56838607788086, 10.568373680114746, 10.549602508544922, 10.55072021484375, 10.534143447875977, 10.534884452819824, 10.527064323425293, 10.509114265441895, 10.498696327209473, 10.487433433532715, 10.486381530761719, 10.494997024536133, 10.479433059692383, 10.473237991333008, 10.462091445922852, 10.461628913879395, 10.456232070922852, 10.445998191833496, 10.448246002197266, 10.436507225036621, 10.423291206359863, 10.41673755645752, 10.413765907287598, 10.408285140991211, 10.392867088317871, 10.368561744689941, 10.361754417419434, 10.348644256591797, 10.341581344604492, 10.340418815612793, 10.330533027648926, 10.327108383178711, 10.307165145874023, 10.304597854614258, 10.295089721679688, 10.305132865905762, 10.294744491577148, 10.287338256835938, 10.275672912597656, 10.2787504196167, 10.280010223388672, 10.272299766540527, 10.25428581237793, 10.253125190734863, 10.242332458496094, 10.232924461364746, 10.227006912231445, 10.206332206726074, 10.198318481445312, 10.194282531738281, 10.186588287353516, 10.187843322753906, 10.17934513092041, 10.169650077819824, 10.168692588806152, 10.157014846801758, 10.155077934265137, 10.142170906066895, 10.129039764404297, 10.131776809692383, 10.125349044799805, 10.11146354675293, 10.104841232299805, 10.088753700256348, 10.103933334350586, 10.090636253356934, 10.083837509155273, 10.081197738647461, 10.0709810256958, 10.068328857421875, 10.05921459197998, 10.044404983520508], "grad_norms": [2.2318267822265625, 1.7762359380722046, 2.0205907821655273, 2.0662753582000732, 1.9990360736846924, 1.5477687120437622, 1.1153113842010498, 0.9857357740402222, 0.8125757575035095, 0.8294758200645447, 0.789876401424408, 0.7744407653808594, 0.7597830295562744, 0.7586444616317749, 0.7500483393669128, 0.7470585703849792, 0.8982287049293518, 0.8987025022506714, 0.8676491379737854, 0.8662533164024353, 0.8448522090911865, 0.8157733082771301, 0.7602180242538452, 0.8558940887451172, 0.8822859525680542, 0.8937300443649292, 0.8633109331130981, 0.8742707371711731, 0.7992958426475525, 0.788605809211731, 0.7952939867973328, 0.7507243752479553, 0.7774219512939453, 0.7689758539199829, 0.7528446316719055, 0.7858303189277649, 0.8141596913337708, 0.8092815279960632, 0.7767351269721985, 0.7382267713546753, 0.7591421008110046, 0.745465874671936, 0.7488390803337097, 0.7280816435813904, 0.7398565411567688, 0.7276634573936462, 0.7118778228759766, 0.7437782883644104, 0.7375373840332031, 0.7209598422050476, 0.7331253290176392, 0.7452892065048218, 0.739959716796875, 0.9568402767181396, 0.9097495079040527, 0.9193792939186096, 0.8771531581878662, 0.7962504625320435, 0.783280611038208, 0.8421989679336548, 0.8871183395385742, 0.8957664370536804, 0.8559069037437439, 0.7861035466194153, 0.7637228965759277, 0.7585299015045166, 0.7611060738563538, 0.7631086111068726, 0.7536981105804443, 0.7489876747131348, 0.7495347261428833, 0.7481088042259216, 0.7667022347450256, 0.7531968355178833, 0.7731520533561707, 0.8059353828430176, 0.7729582190513611, 0.7661885619163513, 0.7686333060264587, 0.802639901638031, 0.7877599596977234, 0.7959526777267456, 0.7927870154380798, 0.8074333667755127, 0.7807388305664062, 0.7928804159164429, 0.794685959815979, 0.778908371925354, 0.7887440919876099, 0.7791476249694824, 0.7958865165710449, 0.8000749945640564, 0.7552841305732727, 0.7647127509117126, 0.7487992644309998, 0.7473646998405457, 0.7415400743484497, 0.741999089717865, 0.7487637400627136, 0.7462153434753418], "final_loss": 10.044404983520508, "file_name": "./losses_and_grad_norms/hd40_nh5_nl10_bs16_gc2.5.png"}