{"losses": [10.826349258422852, 10.826103210449219, 10.823578834533691, 10.819884300231934, 10.818642616271973, 10.815112113952637, 10.811644554138184, 10.809212684631348, 10.806153297424316, 10.804868698120117, 10.802186012268066, 10.79537296295166, 10.791048049926758, 10.789823532104492, 10.781200408935547, 10.78075122833252, 10.778999328613281, 10.772889137268066, 10.763957977294922, 10.755804061889648, 10.748318672180176, 10.739720344543457, 10.732861518859863, 10.719196319580078, 10.709304809570312, 10.69607162475586, 10.68575668334961, 10.670671463012695, 10.66639232635498, 10.654515266418457, 10.640239715576172, 10.632052421569824, 10.612006187438965, 10.602378845214844, 10.595181465148926, 10.569417953491211, 10.55712604522705, 10.545732498168945, 10.537365913391113, 10.538816452026367, 10.525369644165039, 10.511266708374023, 10.501310348510742, 10.492558479309082, 10.479002952575684, 10.471494674682617, 10.466707229614258, 10.4580078125, 10.442451477050781, 10.434751510620117, 10.426651000976562, 10.417171478271484, 10.40371036529541, 10.382208824157715, 10.373863220214844, 10.362736701965332, 10.345553398132324, 10.3416748046875, 10.329554557800293, 10.322458267211914, 10.30424976348877, 10.294583320617676, 10.290440559387207, 10.282244682312012, 10.274954795837402, 10.263506889343262, 10.256569862365723, 10.25521183013916, 10.256845474243164, 10.246194839477539, 10.226800918579102, 10.223804473876953, 10.211499214172363, 10.198153495788574, 10.187665939331055, 10.170814514160156, 10.160584449768066, 10.152092933654785, 10.144096374511719, 10.138079643249512, 10.13375473022461, 10.118668556213379, 10.116289138793945, 10.10267162322998, 10.099949836730957, 10.08544635772705, 10.073960304260254, 10.078207969665527, 10.0632905960083, 10.052863121032715, 10.042156219482422, 10.029376029968262, 10.041900634765625, 10.034472465515137, 10.020545959472656, 10.020150184631348, 10.008626937866211, 10.005057334899902, 9.994160652160645, 9.978584289550781], "grad_norms": [0.8180347681045532, 0.6924710273742676, 0.7276108264923096, 0.757426381111145, 0.7358477115631104, 0.7459924221038818, 0.7363690733909607, 0.7875033617019653, 0.8145800232887268, 0.8757048845291138, 0.9057831168174744, 0.9614748358726501, 0.9693329334259033, 0.98808753490448, 1.0186153650283813, 1.0270135402679443, 1.1695921421051025, 1.2218234539031982, 1.26052725315094, 1.2740275859832764, 1.2682327032089233, 1.2924048900604248, 1.280018925666809, 1.3127394914627075, 1.3518680334091187, 1.4083020687103271, 1.3675676584243774, 1.334388017654419, 1.2492526769638062, 1.208844780921936, 1.1795092821121216, 1.117313027381897, 1.0940676927566528, 1.0240644216537476, 1.01513671875, 0.9664154648780823, 0.9522883892059326, 0.92838454246521, 0.893953800201416, 0.8336412906646729, 0.8356986045837402, 0.8164558410644531, 0.8043569922447205, 0.7795417308807373, 0.7811200022697449, 0.7569701671600342, 0.7434918284416199, 0.7623634934425354, 0.7577488422393799, 0.7316707372665405, 0.7447420954704285, 0.7318084239959717, 0.736113429069519, 0.8891146183013916, 0.8814305067062378, 0.9060088396072388, 0.878858208656311, 0.781482458114624, 0.7796035408973694, 0.8402883410453796, 0.8873994946479797, 0.894280731678009, 0.8490350246429443, 0.7600535750389099, 0.7556574940681458, 0.7551349401473999, 0.7586082816123962, 0.7440842390060425, 0.7511714100837708, 0.7536380290985107, 0.7530478835105896, 0.7505798935890198, 0.7652285695075989, 0.7552657127380371, 0.7740503549575806, 0.7895406484603882, 0.7613370418548584, 0.7611163854598999, 0.7614227533340454, 0.7926894426345825, 0.785381555557251, 0.7927612662315369, 0.7815346121788025, 0.8029686212539673, 0.7782652974128723, 0.7904649972915649, 0.789506196975708, 0.7750523090362549, 0.7854709625244141, 0.7768558263778687, 0.7931195497512817, 0.7990382313728333, 0.7513648867607117, 0.7634958028793335, 0.7530367970466614, 0.7479310631752014, 0.7430881857872009, 0.7459294199943542, 0.7519996762275696, 0.7464258670806885], "final_loss": 9.978584289550781, "file_name": "./losses_and_grad_norms/hd40_nh1_nl1_bs16_gc1.5.png"}